[
  {
    "Name": "Afghanistan",
    "Code": 4,
    "Region": "Asia",
    "SubRegion": "Southern Asia",
    "IntermediateRegion": "",
    "RegionCode": 142,
    "SubRegionCode": 34,
    "IntermediateRegionCode": null
  },
  {
    "Name": "Åland Islands",
    "Code": 248,
    "Region": "Europe",
    "SubRegion": "Northern Europe",
    "IntermediateRegion": "",
    "RegionCode": 150,
    "SubRegionCode": 154,
    "IntermediateRegionCode": null
  },
  {
    "Name": "Albania",
    "Code": 8,
    "Region": "Europe",
    "SubRegion": "Southern Europe",
    "IntermediateRegion": "",
    "RegionCode": 150,
    "SubRegionCode": 39,
    "IntermediateRegionCode": null
  },
  {
    "Name": "Algeria",
    "Code": 12,
    "Region": "Africa",
    "SubRegion": "Northern Africa",
    "IntermediateRegion": "",
    "RegionCode": 2,
    "SubRegionCode": 15,
    "IntermediateRegionCode": null
  },
  {
    "Name": "American Samoa",
    "Code": 16,
    "Region": "Oceania",
    "SubRegion": "Polynesia",
    "IntermediateRegion": "",
    "RegionCode": 9,
    "SubRegionCode": 61,
    "IntermediateRegionCode": null
  },
  {
    "Name": "Andorra",
    "Code": 20,
    "Region": "Europe",
    "SubRegion": "Southern Europe",
    "IntermediateRegion": "",
    "RegionCode": 150,
    "SubRegionCode": 39,
    "IntermediateRegionCode": null
  },
  {
    "Name": "Angola",
    "Code": 24,
    "Region": "Africa",
    "SubRegion": "Sub-Saharan Africa",
    "IntermediateRegion": "Middle Africa",
    "RegionCode": 2,
    "SubRegionCode": 202,
    "IntermediateRegionCode": 17
  },
  {
    "Name": "Anguilla",
    "Code": 660,
    "Region": "Americas",
    "SubRegion": "Latin America and the Caribbean",
    "IntermediateRegion": "Caribbean",
    "RegionCode": 19,
    "SubRegionCode": 419,
    "IntermediateRegionCode": 29
  },
  {
    "Name": "Antarctica",
    "Code": 10,
    "Region": "",
    "SubRegion": "",
    "IntermediateRegion": "",
    "RegionCode": null,
    "SubRegionCode": null,
    "IntermediateRegionCode": null
  },
  {
    "Name": "Antigua and Barbuda",
    "Code": 28,
    "Region": "Americas",
    "SubRegion": "Latin America and the Caribbean",
    "IntermediateRegion": "Caribbean",
    "RegionCode": 19,
    "SubRegionCode": 419,
    "IntermediateRegionCode": 29
  },
  {
    "Name": "Argentina",
    "Code": 32,
    "Region": "Americas",
    "SubRegion": "Latin America and the Caribbean",
    "IntermediateRegion": "South America",
    "RegionCode": 19,
    "SubRegionCode": 419,
    "IntermediateRegionCode": 5
  },
  {
    "Name": "Armenia",
    "Code": 51,
    "Region": "Asia",
    "SubRegion": "Western Asia",
    "IntermediateRegion": "",
    "RegionCode": 142,
    "SubRegionCode": 145,
    "IntermediateRegionCode": null
  },
  {
    "Name": "Aruba",
    "Code": 533,
    "Region": "Americas",
    "SubRegion": "Latin America and the Caribbean",
    "IntermediateRegion": "Caribbean",
    "RegionCode": 19,
    "SubRegionCode": 419,
    "IntermediateRegionCode": 29
  },
  {
    "Name": "Australia",
    "Code": 36,
    "Region": "Oceania",
    "SubRegion": "Australia and New Zealand",
    "IntermediateRegion": "",
    "RegionCode": 9,
    "SubRegionCode": 53,
    "IntermediateRegionCode": null
  },
  {
    "Name": "Austria",
    "Code": 40,
    "Region": "Europe",
    "SubRegion": "Western Europe",
    "IntermediateRegion": "",
    "RegionCode": 150,
    "SubRegionCode": 155,
    "IntermediateRegionCode": null
  },
  {
    "Name": "Azerbaijan",
    "Code": 31,
    "Region": "Asia",
    "SubRegion": "Western Asia",
    "IntermediateRegion": "",
    "RegionCode": 142,
    "SubRegionCode": 145,
    "IntermediateRegionCode": null
  },
  {
    "Name": "Bahamas",
    "Code": 44,
    "Region": "Americas",
    "SubRegion": "Latin America and the Caribbean",
    "IntermediateRegion": "Caribbean",
    "RegionCode": 19,
    "SubRegionCode": 419,
    "IntermediateRegionCode": 29
  },
  {
    "Name": "Bahrain",
    "Code": 48,
    "Region": "Asia",
    "SubRegion": "Western Asia",
    "IntermediateRegion": "",
    "RegionCode": 142,
    "SubRegionCode": 145,
    "IntermediateRegionCode": null
  },
  {
    "Name": "Bangladesh",
    "Code": 50,
    "Region": "Asia",
    "SubRegion": "Southern Asia",
    "IntermediateRegion": "",
    "RegionCode": 142,
    "SubRegionCode": 34,
    "IntermediateRegionCode": null
  },
  {
    "Name": "Barbados",
    "Code": 52,
    "Region": "Americas",
    "SubRegion": "Latin America and the Caribbean",
    "IntermediateRegion": "Caribbean",
    "RegionCode": 19,
    "SubRegionCode": 419,
    "IntermediateRegionCode": 29
  },
  {
    "Name": "Belarus",
    "Code": 112,
    "Region": "Europe",
    "SubRegion": "Eastern Europe",
    "IntermediateRegion": "",
    "RegionCode": 150,
    "SubRegionCode": 151,
    "IntermediateRegionCode": null
  },
  {
    "Name": "Belgium",
    "Code": 56,
    "Region": "Europe",
    "SubRegion": "Western Europe",
    "IntermediateRegion": "",
    "RegionCode": 150,
    "SubRegionCode": 155,
    "IntermediateRegionCode": null
  },
  {
    "Name": "Belize",
    "Code": 84,
    "Region": "Americas",
    "SubRegion": "Latin America and the Caribbean",
    "IntermediateRegion": "Central America",
    "RegionCode": 19,
    "SubRegionCode": 419,
    "IntermediateRegionCode": 13
  },
  {
    "Name": "Benin",
    "Code": 204,
    "Region": "Africa",
    "SubRegion": "Sub-Saharan Africa",
    "IntermediateRegion": "Western Africa",
    "RegionCode": 2,
    "SubRegionCode": 202,
    "IntermediateRegionCode": 11
  },
  {
    "Name": "Bermuda",
    "Code": 60,
    "Region": "Americas",
    "SubRegion": "Northern America",
    "IntermediateRegion": "",
    "RegionCode": 19,
    "SubRegionCode": 21,
    "IntermediateRegionCode": null
  },
  {
    "Name": "Bhutan",
    "Code": 64,
    "Region": "Asia",
    "SubRegion": "Southern Asia",
    "IntermediateRegion": "",
    "RegionCode": 142,
    "SubRegionCode": 34,
    "IntermediateRegionCode": null
  },
  {
    "Name": "Bolivia (Plurinational State of)",
    "Code": 68,
    "Region": "Americas",
    "SubRegion": "Latin America and the Caribbean",
    "IntermediateRegion": "South America",
    "RegionCode": 19,
    "SubRegionCode": 419,
    "IntermediateRegionCode": 5
  },
  {
    "Name": "Bonaire, Sint Eustatius and Saba",
    "Code": 535,
    "Region": "Americas",
    "SubRegion": "Latin America and the Caribbean",
    "IntermediateRegion": "Caribbean",
    "RegionCode": 19,
    "SubRegionCode": 419,
    "IntermediateRegionCode": 29
  },
  {
    "Name": "Bosnia and Herzegovina",
    "Code": 70,
    "Region": "Europe",
    "SubRegion": "Southern Europe",
    "IntermediateRegion": "",
    "RegionCode": 150,
    "SubRegionCode": 39,
    "IntermediateRegionCode": null
  },
  {
    "Name": "Botswana",
    "Code": 72,
    "Region": "Africa",
    "SubRegion": "Sub-Saharan Africa",
    "IntermediateRegion": "Southern Africa",
    "RegionCode": 2,
    "SubRegionCode": 202,
    "IntermediateRegionCode": 18
  },
  {
    "Name": "Bouvet Island",
    "Code": 74,
    "Region": "Americas",
    "SubRegion": "Latin America and the Caribbean",
    "IntermediateRegion": "South America",
    "RegionCode": 19,
    "SubRegionCode": 419,
    "IntermediateRegionCode": 5
  },
  {
    "Name": "Brazil",
    "Code": 76,
    "Region": "Americas",
    "SubRegion": "Latin America and the Caribbean",
    "IntermediateRegion": "South America",
    "RegionCode": 19,
    "SubRegionCode": 419,
    "IntermediateRegionCode": 5
  },
  {
    "Name": "British Indian Ocean Territory",
    "Code": 86,
    "Region": "Africa",
    "SubRegion": "Sub-Saharan Africa",
    "IntermediateRegion": "Eastern Africa",
    "RegionCode": 2,
    "SubRegionCode": 202,
    "IntermediateRegionCode": 14
  },
  {
    "Name": "Brunei Darussalam",
    "Code": 96,
    "Region": "Asia",
    "SubRegion": "South-eastern Asia",
    "IntermediateRegion": "",
    "RegionCode": 142,
    "SubRegionCode": 35,
    "IntermediateRegionCode": null
  },
  {
    "Name": "Bulgaria",
    "Code": 100,
    "Region": "Europe",
    "SubRegion": "Eastern Europe",
    "IntermediateRegion": "",
    "RegionCode": 150,
    "SubRegionCode": 151,
    "IntermediateRegionCode": null
  },
  {
    "Name": "Burkina Faso",
    "Code": 854,
    "Region": "Africa",
    "SubRegion": "Sub-Saharan Africa",
    "IntermediateRegion": "Western Africa",
    "RegionCode": 2,
    "SubRegionCode": 202,
    "IntermediateRegionCode": 11
  },
  {
    "Name": "Burundi",
    "Code": 108,
    "Region": "Africa",
    "SubRegion": "Sub-Saharan Africa",
    "IntermediateRegion": "Eastern Africa",
    "RegionCode": 2,
    "SubRegionCode": 202,
    "IntermediateRegionCode": 14
  },
  {
    "Name": "Cabo Verde",
    "Code": 132,
    "Region": "Africa",
    "SubRegion": "Sub-Saharan Africa",
    "IntermediateRegion": "Western Africa",
    "RegionCode": 2,
    "SubRegionCode": 202,
    "IntermediateRegionCode": 11
  },
  {
    "Name": "Cambodia",
    "Code": 116,
    "Region": "Asia",
    "SubRegion": "South-eastern Asia",
    "IntermediateRegion": "",
    "RegionCode": 142,
    "SubRegionCode": 35,
    "IntermediateRegionCode": null
  },
  {
    "Name": "Cameroon",
    "Code": 120,
    "Region": "Africa",
    "SubRegion": "Sub-Saharan Africa",
    "IntermediateRegion": "Middle Africa",
    "RegionCode": 2,
    "SubRegionCode": 202,
    "IntermediateRegionCode": 17
  },
  {
    "Name": "Canada",
    "Code": 124,
    "Region": "Americas",
    "SubRegion": "Northern America",
    "IntermediateRegion": "",
    "RegionCode": 19,
    "SubRegionCode": 21,
    "IntermediateRegionCode": null
  },
  {
    "Name": "Cayman Islands",
    "Code": 136,
    "Region": "Americas",
    "SubRegion": "Latin America and the Caribbean",
    "IntermediateRegion": "Caribbean",
    "RegionCode": 19,
    "SubRegionCode": 419,
    "IntermediateRegionCode": 29
  },
  {
    "Name": "Central African Republic",
    "Code": 140,
    "Region": "Africa",
    "SubRegion": "Sub-Saharan Africa",
    "IntermediateRegion": "Middle Africa",
    "RegionCode": 2,
    "SubRegionCode": 202,
    "IntermediateRegionCode": 17
  },
  {
    "Name": "Chad",
    "Code": 148,
    "Region": "Africa",
    "SubRegion": "Sub-Saharan Africa",
    "IntermediateRegion": "Middle Africa",
    "RegionCode": 2,
    "SubRegionCode": 202,
    "IntermediateRegionCode": 17
  },
  {
    "Name": "Chile",
    "Code": 152,
    "Region": "Americas",
    "SubRegion": "Latin America and the Caribbean",
    "IntermediateRegion": "South America",
    "RegionCode": 19,
    "SubRegionCode": 419,
    "IntermediateRegionCode": 5
  },
  {
    "Name": "China",
    "Code": 156,
    "Region": "Asia",
    "SubRegion": "Eastern Asia",
    "IntermediateRegion": "",
    "RegionCode": 142,
    "SubRegionCode": 30,
    "IntermediateRegionCode": null
  },
  {
    "Name": "Christmas Island",
    "Code": 162,
    "Region": "Oceania",
    "SubRegion": "Australia and New Zealand",
    "IntermediateRegion": "",
    "RegionCode": 9,
    "SubRegionCode": 53,
    "IntermediateRegionCode": null
  },
  {
    "Name": "Cocos (Keeling) Islands",
    "Code": 166,
    "Region": "Oceania",
    "SubRegion": "Australia and New Zealand",
    "IntermediateRegion": "",
    "RegionCode": 9,
    "SubRegionCode": 53,
    "IntermediateRegionCode": null
  },
  {
    "Name": "Colombia",
    "Code": 170,
    "Region": "Americas",
    "SubRegion": "Latin America and the Caribbean",
    "IntermediateRegion": "South America",
    "RegionCode": 19,
    "SubRegionCode": 419,
    "IntermediateRegionCode": 5
  },
  {
    "Name": "Comoros",
    "Code": 174,
    "Region": "Africa",
    "SubRegion": "Sub-Saharan Africa",
    "IntermediateRegion": "Eastern Africa",
    "RegionCode": 2,
    "SubRegionCode": 202,
    "IntermediateRegionCode": 14
  },
  {
    "Name": "Congo",
    "Code": 178,
    "Region": "Africa",
    "SubRegion": "Sub-Saharan Africa",
    "IntermediateRegion": "Middle Africa",
    "RegionCode": 2,
    "SubRegionCode": 202,
    "IntermediateRegionCode": 17
  },
  {
    "Name": "Congo, Democratic Republic of the",
    "Code": 180,
    "Region": "Africa",
    "SubRegion": "Sub-Saharan Africa",
    "IntermediateRegion": "Middle Africa",
    "RegionCode": 2,
    "SubRegionCode": 202,
    "IntermediateRegionCode": 17
  },
  {
    "Name": "Cook Islands",
    "Code": 184,
    "Region": "Oceania",
    "SubRegion": "Polynesia",
    "IntermediateRegion": "",
    "RegionCode": 9,
    "SubRegionCode": 61,
    "IntermediateRegionCode": null
  },
  {
    "Name": "Costa Rica",
    "Code": 188,
    "Region": "Americas",
    "SubRegion": "Latin America and the Caribbean",
    "IntermediateRegion": "Central America",
    "RegionCode": 19,
    "SubRegionCode": 419,
    "IntermediateRegionCode": 13
  },
  {
    "Name": "Côte d'Ivoire",
    "Code": 384,
    "Region": "Africa",
    "SubRegion": "Sub-Saharan Africa",
    "IntermediateRegion": "Western Africa",
    "RegionCode": 2,
    "SubRegionCode": 202,
    "IntermediateRegionCode": 11
  },
  {
    "Name": "Croatia",
    "Code": 191,
    "Region": "Europe",
    "SubRegion": "Southern Europe",
    "IntermediateRegion": "",
    "RegionCode": 150,
    "SubRegionCode": 39,
    "IntermediateRegionCode": null
  },
  {
    "Name": "Cuba",
    "Code": 192,
    "Region": "Americas",
    "SubRegion": "Latin America and the Caribbean",
    "IntermediateRegion": "Caribbean",
    "RegionCode": 19,
    "SubRegionCode": 419,
    "IntermediateRegionCode": 29
  },
  {
    "Name": "Curaçao",
    "Code": 531,
    "Region": "Americas",
    "SubRegion": "Latin America and the Caribbean",
    "IntermediateRegion": "Caribbean",
    "RegionCode": 19,
    "SubRegionCode": 419,
    "IntermediateRegionCode": 29
  },
  {
    "Name": "Cyprus",
    "Code": 196,
    "Region": "Asia",
    "SubRegion": "Western Asia",
    "IntermediateRegion": "",
    "RegionCode": 142,
    "SubRegionCode": 145,
    "IntermediateRegionCode": null
  },
  {
    "Name": "Czechia",
    "Code": 203,
    "Region": "Europe",
    "SubRegion": "Eastern Europe",
    "IntermediateRegion": "",
    "RegionCode": 150,
    "SubRegionCode": 151,
    "IntermediateRegionCode": null
  },
  {
    "Name": "Denmark",
    "Code": 208,
    "Region": "Europe",
    "SubRegion": "Northern Europe",
    "IntermediateRegion": "",
    "RegionCode": 150,
    "SubRegionCode": 154,
    "IntermediateRegionCode": null
  },
  {
    "Name": "Djibouti",
    "Code": 262,
    "Region": "Africa",
    "SubRegion": "Sub-Saharan Africa",
    "IntermediateRegion": "Eastern Africa",
    "RegionCode": 2,
    "SubRegionCode": 202,
    "IntermediateRegionCode": 14
  },
  {
    "Name": "Dominica",
    "Code": 212,
    "Region": "Americas",
    "SubRegion": "Latin America and the Caribbean",
    "IntermediateRegion": "Caribbean",
    "RegionCode": 19,
    "SubRegionCode": 419,
    "IntermediateRegionCode": 29
  },
  {
    "Name": "Dominican Republic",
    "Code": 214,
    "Region": "Americas",
    "SubRegion": "Latin America and the Caribbean",
    "IntermediateRegion": "Caribbean",
    "RegionCode": 19,
    "SubRegionCode": 419,
    "IntermediateRegionCode": 29
  },
  {
    "Name": "Ecuador",
    "Code": 218,
    "Region": "Americas",
    "SubRegion": "Latin America and the Caribbean",
    "IntermediateRegion": "South America",
    "RegionCode": 19,
    "SubRegionCode": 419,
    "IntermediateRegionCode": 5
  },
  {
    "Name": "Egypt",
    "Code": 818,
    "Region": "Africa",
    "SubRegion": "Northern Africa",
    "IntermediateRegion": "",
    "RegionCode": 2,
    "SubRegionCode": 15,
    "IntermediateRegionCode": null
  },
  {
    "Name": "El Salvador",
    "Code": 222,
    "Region": "Americas",
    "SubRegion": "Latin America and the Caribbean",
    "IntermediateRegion": "Central America",
    "RegionCode": 19,
    "SubRegionCode": 419,
    "IntermediateRegionCode": 13
  },
  {
    "Name": "Equatorial Guinea",
    "Code": 226,
    "Region": "Africa",
    "SubRegion": "Sub-Saharan Africa",
    "IntermediateRegion": "Middle Africa",
    "RegionCode": 2,
    "SubRegionCode": 202,
    "IntermediateRegionCode": 17
  },
  {
    "Name": "Eritrea",
    "Code": 232,
    "Region": "Africa",
    "SubRegion": "Sub-Saharan Africa",
    "IntermediateRegion": "Eastern Africa",
    "RegionCode": 2,
    "SubRegionCode": 202,
    "IntermediateRegionCode": 14
  },
  {
    "Name": "Estonia",
    "Code": 233,
    "Region": "Europe",
    "SubRegion": "Northern Europe",
    "IntermediateRegion": "",
    "RegionCode": 150,
    "SubRegionCode": 154,
    "IntermediateRegionCode": null
  },
  {
    "Name": "Eswatini",
    "Code": 748,
    "Region": "Africa",
    "SubRegion": "Sub-Saharan Africa",
    "IntermediateRegion": "Southern Africa",
    "RegionCode": 2,
    "SubRegionCode": 202,
    "IntermediateRegionCode": 18
  },
  {
    "Name": "Ethiopia",
    "Code": 231,
    "Region": "Africa",
    "SubRegion": "Sub-Saharan Africa",
    "IntermediateRegion": "Eastern Africa",
    "RegionCode": 2,
    "SubRegionCode": 202,
    "IntermediateRegionCode": 14
  },
  {
    "Name": "Falkland Islands (Malvinas)",
    "Code": 238,
    "Region": "Americas",
    "SubRegion": "Latin America and the Caribbean",
    "IntermediateRegion": "South America",
    "RegionCode": 19,
    "SubRegionCode": 419,
    "IntermediateRegionCode": 5
  },
  {
    "Name": "Faroe Islands",
    "Code": 234,
    "Region": "Europe",
    "SubRegion": "Northern Europe",
    "IntermediateRegion": "",
    "RegionCode": 150,
    "SubRegionCode": 154,
    "IntermediateRegionCode": null
  },
  {
    "Name": "Fiji",
    "Code": 242,
    "Region": "Oceania",
    "SubRegion": "Melanesia",
    "IntermediateRegion": "",
    "RegionCode": 9,
    "SubRegionCode": 54,
    "IntermediateRegionCode": null
  },
  {
    "Name": "Finland",
    "Code": 246,
    "Region": "Europe",
    "SubRegion": "Northern Europe",
    "IntermediateRegion": "",
    "RegionCode": 150,
    "SubRegionCode": 154,
    "IntermediateRegionCode": null
  },
  {
    "Name": "France",
    "Code": 250,
    "Region": "Europe",
    "SubRegion": "Western Europe",
    "IntermediateRegion": "",
    "RegionCode": 150,
    "SubRegionCode": 155,
    "IntermediateRegionCode": null
  },
  {
    "Name": "French Guiana",
    "Code": 254,
    "Region": "Americas",
    "SubRegion": "Latin America and the Caribbean",
    "IntermediateRegion": "South America",
    "RegionCode": 19,
    "SubRegionCode": 419,
    "IntermediateRegionCode": 5
  },
  {
    "Name": "French Polynesia",
    "Code": 258,
    "Region": "Oceania",
    "SubRegion": "Polynesia",
    "IntermediateRegion": "",
    "RegionCode": 9,
    "SubRegionCode": 61,
    "IntermediateRegionCode": null
  },
  {
    "Name": "French Southern Territories",
    "Code": 260,
    "Region": "Africa",
    "SubRegion": "Sub-Saharan Africa",
    "IntermediateRegion": "Eastern Africa",
    "RegionCode": 2,
    "SubRegionCode": 202,
    "IntermediateRegionCode": 14
  },
  {
    "Name": "Gabon",
    "Code": 266,
    "Region": "Africa",
    "SubRegion": "Sub-Saharan Africa",
    "IntermediateRegion": "Middle Africa",
    "RegionCode": 2,
    "SubRegionCode": 202,
    "IntermediateRegionCode": 17
  },
  {
    "Name": "Gambia",
    "Code": 270,
    "Region": "Africa",
    "SubRegion": "Sub-Saharan Africa",
    "IntermediateRegion": "Western Africa",
    "RegionCode": 2,
    "SubRegionCode": 202,
    "IntermediateRegionCode": 11
  },
  {
    "Name": "Georgia",
    "Code": 268,
    "Region": "Asia",
    "SubRegion": "Western Asia",
    "IntermediateRegion": "",
    "RegionCode": 142,
    "SubRegionCode": 145,
    "IntermediateRegionCode": null
  },
  {
    "Name": "Germany",
    "Code": 276,
    "Region": "Europe",
    "SubRegion": "Western Europe",
    "IntermediateRegion": "",
    "RegionCode": 150,
    "SubRegionCode": 155,
    "IntermediateRegionCode": null
  },
  {
    "Name": "Ghana",
    "Code": 288,
    "Region": "Africa",
    "SubRegion": "Sub-Saharan Africa",
    "IntermediateRegion": "Western Africa",
    "RegionCode": 2,
    "SubRegionCode": 202,
    "IntermediateRegionCode": 11
  },
  {
    "Name": "Gibraltar",
    "Code": 292,
    "Region": "Europe",
    "SubRegion": "Southern Europe",
    "IntermediateRegion": "",
    "RegionCode": 150,
    "SubRegionCode": 39,
    "IntermediateRegionCode": null
  },
  {
    "Name": "Greece",
    "Code": 300,
    "Region": "Europe",
    "SubRegion": "Southern Europe",
    "IntermediateRegion": "",
    "RegionCode": 150,
    "SubRegionCode": 39,
    "IntermediateRegionCode": null
  },
  {
    "Name": "Greenland",
    "Code": 304,
    "Region": "Americas",
    "SubRegion": "Northern America",
    "IntermediateRegion": "",
    "RegionCode": 19,
    "SubRegionCode": 21,
    "IntermediateRegionCode": null
  },
  {
    "Name": "Grenada",
    "Code": 308,
    "Region": "Americas",
    "SubRegion": "Latin America and the Caribbean",
    "IntermediateRegion": "Caribbean",
    "RegionCode": 19,
    "SubRegionCode": 419,
    "IntermediateRegionCode": 29
  },
  {
    "Name": "Guadeloupe",
    "Code": 312,
    "Region": "Americas",
    "SubRegion": "Latin America and the Caribbean",
    "IntermediateRegion": "Caribbean",
    "RegionCode": 19,
    "SubRegionCode": 419,
    "IntermediateRegionCode": 29
  },
  {
    "Name": "Guam",
    "Code": 316,
    "Region": "Oceania",
    "SubRegion": "Micronesia",
    "IntermediateRegion": "",
    "RegionCode": 9,
    "SubRegionCode": 57,
    "IntermediateRegionCode": null
  },
  {
    "Name": "Guatemala",
    "Code": 320,
    "Region": "Americas",
    "SubRegion": "Latin America and the Caribbean",
    "IntermediateRegion": "Central America",
    "RegionCode": 19,
    "SubRegionCode": 419,
    "IntermediateRegionCode": 13
  },
  {
    "Name": "Guernsey",
    "Code": 831,
    "Region": "Europe",
    "SubRegion": "Northern Europe",
    "IntermediateRegion": "Channel Islands",
    "RegionCode": 150,
    "SubRegionCode": 154,
    "IntermediateRegionCode": 830
  },
  {
    "Name": "Guinea",
    "Code": 324,
    "Region": "Africa",
    "SubRegion": "Sub-Saharan Africa",
    "IntermediateRegion": "Western Africa",
    "RegionCode": 2,
    "SubRegionCode": 202,
    "IntermediateRegionCode": 11
  },
  {
    "Name": "Guinea-Bissau",
    "Code": 624,
    "Region": "Africa",
    "SubRegion": "Sub-Saharan Africa",
    "IntermediateRegion": "Western Africa",
    "RegionCode": 2,
    "SubRegionCode": 202,
    "IntermediateRegionCode": 11
  },
  {
    "Name": "Guyana",
    "Code": 328,
    "Region": "Americas",
    "SubRegion": "Latin America and the Caribbean",
    "IntermediateRegion": "South America",
    "RegionCode": 19,
    "SubRegionCode": 419,
    "IntermediateRegionCode": 5
  },
  {
    "Name": "Haiti",
    "Code": 332,
    "Region": "Americas",
    "SubRegion": "Latin America and the Caribbean",
    "IntermediateRegion": "Caribbean",
    "RegionCode": 19,
    "SubRegionCode": 419,
    "IntermediateRegionCode": 29
  },
  {
    "Name": "Heard Island and McDonald Islands",
    "Code": 334,
    "Region": "Oceania",
    "SubRegion": "Australia and New Zealand",
    "IntermediateRegion": "",
    "RegionCode": 9,
    "SubRegionCode": 53,
    "IntermediateRegionCode": null
  },
  {
    "Name": "Holy See",
    "Code": 336,
    "Region": "Europe",
    "SubRegion": "Southern Europe",
    "IntermediateRegion": "",
    "RegionCode": 150,
    "SubRegionCode": 39,
    "IntermediateRegionCode": null
  },
  {
    "Name": "Honduras",
    "Code": 340,
    "Region": "Americas",
    "SubRegion": "Latin America and the Caribbean",
    "IntermediateRegion": "Central America",
    "RegionCode": 19,
    "SubRegionCode": 419,
    "IntermediateRegionCode": 13
  },
  {
    "Name": "Hong Kong",
    "Code": 344,
    "Region": "Asia",
    "SubRegion": "Eastern Asia",
    "IntermediateRegion": "",
    "RegionCode": 142,
    "SubRegionCode": 30,
    "IntermediateRegionCode": null
  },
  {
    "Name": "Hungary",
    "Code": 348,
    "Region": "Europe",
    "SubRegion": "Eastern Europe",
    "IntermediateRegion": "",
    "RegionCode": 150,
    "SubRegionCode": 151,
    "IntermediateRegionCode": null
  },
  {
    "Name": "Iceland",
    "Code": 352,
    "Region": "Europe",
    "SubRegion": "Northern Europe",
    "IntermediateRegion": "",
    "RegionCode": 150,
    "SubRegionCode": 154,
    "IntermediateRegionCode": null
  },
  {
    "Name": "India",
    "Code": 356,
    "Region": "Asia",
    "SubRegion": "Southern Asia",
    "IntermediateRegion": "",
    "RegionCode": 142,
    "SubRegionCode": 34,
    "IntermediateRegionCode": null
  },
  {
    "Name": "Indonesia",
    "Code": 360,
    "Region": "Asia",
    "SubRegion": "South-eastern Asia",
    "IntermediateRegion": "",
    "RegionCode": 142,
    "SubRegionCode": 35,
    "IntermediateRegionCode": null
  },
  {
    "Name": "Iran (Islamic Republic of)",
    "Code": 364,
    "Region": "Asia",
    "SubRegion": "Southern Asia",
    "IntermediateRegion": "",
    "RegionCode": 142,
    "SubRegionCode": 34,
    "IntermediateRegionCode": null
  },
  {
    "Name": "Iraq",
    "Code": 368,
    "Region": "Asia",
    "SubRegion": "Western Asia",
    "IntermediateRegion": "",
    "RegionCode": 142,
    "SubRegionCode": 145,
    "IntermediateRegionCode": null
  },
  {
    "Name": "Ireland",
    "Code": 372,
    "Region": "Europe",
    "SubRegion": "Northern Europe",
    "IntermediateRegion": "",
    "RegionCode": 150,
    "SubRegionCode": 154,
    "IntermediateRegionCode": null
  },
  {
    "Name": "Isle of Man",
    "Code": 833,
    "Region": "Europe",
    "SubRegion": "Northern Europe",
    "IntermediateRegion": "",
    "RegionCode": 150,
    "SubRegionCode": 154,
    "IntermediateRegionCode": null
  },
  {
    "Name": "Israel",
    "Code": 376,
    "Region": "Asia",
    "SubRegion": "Western Asia",
    "IntermediateRegion": "",
    "RegionCode": 142,
    "SubRegionCode": 145,
    "IntermediateRegionCode": null
  },
  {
    "Name": "Italy",
    "Code": 380,
    "Region": "Europe",
    "SubRegion": "Southern Europe",
    "IntermediateRegion": "",
    "RegionCode": 150,
    "SubRegionCode": 39,
    "IntermediateRegionCode": null
  },
  {
    "Name": "Jamaica",
    "Code": 388,
    "Region": "Americas",
    "SubRegion": "Latin America and the Caribbean",
    "IntermediateRegion": "Caribbean",
    "RegionCode": 19,
    "SubRegionCode": 419,
    "IntermediateRegionCode": 29
  },
  {
    "Name": "Japan",
    "Code": 392,
    "Region": "Asia",
    "SubRegion": "Eastern Asia",
    "IntermediateRegion": "",
    "RegionCode": 142,
    "SubRegionCode": 30,
    "IntermediateRegionCode": null
  },
  {
    "Name": "Jersey",
    "Code": 832,
    "Region": "Europe",
    "SubRegion": "Northern Europe",
    "IntermediateRegion": "Channel Islands",
    "RegionCode": 150,
    "SubRegionCode": 154,
    "IntermediateRegionCode": 830
  },
  {
    "Name": "Jordan",
    "Code": 400,
    "Region": "Asia",
    "SubRegion": "Western Asia",
    "IntermediateRegion": "",
    "RegionCode": 142,
    "SubRegionCode": 145,
    "IntermediateRegionCode": null
  },
  {
    "Name": "Kazakhstan",
    "Code": 398,
    "Region": "Asia",
    "SubRegion": "Central Asia",
    "IntermediateRegion": "",
    "RegionCode": 142,
    "SubRegionCode": 143,
    "IntermediateRegionCode": null
  },
  {
    "Name": "Kenya",
    "Code": 404,
    "Region": "Africa",
    "SubRegion": "Sub-Saharan Africa",
    "IntermediateRegion": "Eastern Africa",
    "RegionCode": 2,
    "SubRegionCode": 202,
    "IntermediateRegionCode": 14
  },
  {
    "Name": "Kiribati",
    "Code": 296,
    "Region": "Oceania",
    "SubRegion": "Micronesia",
    "IntermediateRegion": "",
    "RegionCode": 9,
    "SubRegionCode": 57,
    "IntermediateRegionCode": null
  },
  {
    "Name": "Korea (Democratic People's Republic of)",
    "Code": 408,
    "Region": "Asia",
    "SubRegion": "Eastern Asia",
    "IntermediateRegion": "",
    "RegionCode": 142,
    "SubRegionCode": 30,
    "IntermediateRegionCode": null
  },
  {
    "Name": "Korea, Republic of",
    "Code": 410,
    "Region": "Asia",
    "SubRegion": "Eastern Asia",
    "IntermediateRegion": "",
    "RegionCode": 142,
    "SubRegionCode": 30,
    "IntermediateRegionCode": null
  },
  {
    "Name": "Kuwait",
    "Code": 414,
    "Region": "Asia",
    "SubRegion": "Western Asia",
    "IntermediateRegion": "",
    "RegionCode": 142,
    "SubRegionCode": 145,
    "IntermediateRegionCode": null
  },
  {
    "Name": "Kyrgyzstan",
    "Code": 417,
    "Region": "Asia",
    "SubRegion": "Central Asia",
    "IntermediateRegion": "",
    "RegionCode": 142,
    "SubRegionCode": 143,
    "IntermediateRegionCode": null
  },
  {
    "Name": "Lao People's Democratic Republic",
    "Code": 418,
    "Region": "Asia",
    "SubRegion": "South-eastern Asia",
    "IntermediateRegion": "",
    "RegionCode": 142,
    "SubRegionCode": 35,
    "IntermediateRegionCode": null
  },
  {
    "Name": "Latvia",
    "Code": 428,
    "Region": "Europe",
    "SubRegion": "Northern Europe",
    "IntermediateRegion": "",
    "RegionCode": 150,
    "SubRegionCode": 154,
    "IntermediateRegionCode": null
  },
  {
    "Name": "Lebanon",
    "Code": 422,
    "Region": "Asia",
    "SubRegion": "Western Asia",
    "IntermediateRegion": "",
    "RegionCode": 142,
    "SubRegionCode": 145,
    "IntermediateRegionCode": null
  },
  {
    "Name": "Lesotho",
    "Code": 426,
    "Region": "Africa",
    "SubRegion": "Sub-Saharan Africa",
    "IntermediateRegion": "Southern Africa",
    "RegionCode": 2,
    "SubRegionCode": 202,
    "IntermediateRegionCode": 18
  },
  {
    "Name": "Liberia",
    "Code": 430,
    "Region": "Africa",
    "SubRegion": "Sub-Saharan Africa",
    "IntermediateRegion": "Western Africa",
    "RegionCode": 2,
    "SubRegionCode": 202,
    "IntermediateRegionCode": 11
  },
  {
    "Name": "Libya",
    "Code": 434,
    "Region": "Africa",
    "SubRegion": "Northern Africa",
    "IntermediateRegion": "",
    "RegionCode": 2,
    "SubRegionCode": 15,
    "IntermediateRegionCode": null
  },
  {
    "Name": "Liechtenstein",
    "Code": 438,
    "Region": "Europe",
    "SubRegion": "Western Europe",
    "IntermediateRegion": "",
    "RegionCode": 150,
    "SubRegionCode": 155,
    "IntermediateRegionCode": null
  },
  {
    "Name": "Lithuania",
    "Code": 440,
    "Region": "Europe",
    "SubRegion": "Northern Europe",
    "IntermediateRegion": "",
    "RegionCode": 150,
    "SubRegionCode": 154,
    "IntermediateRegionCode": null
  },
  {
    "Name": "Luxembourg",
    "Code": 442,
    "Region": "Europe",
    "SubRegion": "Western Europe",
    "IntermediateRegion": "",
    "RegionCode": 150,
    "SubRegionCode": 155,
    "IntermediateRegionCode": null
  },
  {
    "Name": "Macao",
    "Code": 446,
    "Region": "Asia",
    "SubRegion": "Eastern Asia",
    "IntermediateRegion": "",
    "RegionCode": 142,
    "SubRegionCode": 30,
    "IntermediateRegionCode": null
  },
  {
    "Name": "Madagascar",
    "Code": 450,
    "Region": "Africa",
    "SubRegion": "Sub-Saharan Africa",
    "IntermediateRegion": "Eastern Africa",
    "RegionCode": 2,
    "SubRegionCode": 202,
    "IntermediateRegionCode": 14
  },
  {
    "Name": "Malawi",
    "Code": 454,
    "Region": "Africa",
    "SubRegion": "Sub-Saharan Africa",
    "IntermediateRegion": "Eastern Africa",
    "RegionCode": 2,
    "SubRegionCode": 202,
    "IntermediateRegionCode": 14
  },
  {
    "Name": "Malaysia",
    "Code": 458,
    "Region": "Asia",
    "SubRegion": "South-eastern Asia",
    "IntermediateRegion": "",
    "RegionCode": 142,
    "SubRegionCode": 35,
    "IntermediateRegionCode": null
  },
  {
    "Name": "Maldives",
    "Code": 462,
    "Region": "Asia",
    "SubRegion": "Southern Asia",
    "IntermediateRegion": "",
    "RegionCode": 142,
    "SubRegionCode": 34,
    "IntermediateRegionCode": null
  },
  {
    "Name": "Mali",
    "Code": 466,
    "Region": "Africa",
    "SubRegion": "Sub-Saharan Africa",
    "IntermediateRegion": "Western Africa",
    "RegionCode": 2,
    "SubRegionCode": 202,
    "IntermediateRegionCode": 11
  },
  {
    "Name": "Malta",
    "Code": 470,
    "Region": "Europe",
    "SubRegion": "Southern Europe",
    "IntermediateRegion": "",
    "RegionCode": 150,
    "SubRegionCode": 39,
    "IntermediateRegionCode": null
  },
  {
    "Name": "Marshall Islands",
    "Code": 584,
    "Region": "Oceania",
    "SubRegion": "Micronesia",
    "IntermediateRegion": "",
    "RegionCode": 9,
    "SubRegionCode": 57,
    "IntermediateRegionCode": null
  },
  {
    "Name": "Martinique",
    "Code": 474,
    "Region": "Americas",
    "SubRegion": "Latin America and the Caribbean",
    "IntermediateRegion": "Caribbean",
    "RegionCode": 19,
    "SubRegionCode": 419,
    "IntermediateRegionCode": 29
  },
  {
    "Name": "Mauritania",
    "Code": 478,
    "Region": "Africa",
    "SubRegion": "Sub-Saharan Africa",
    "IntermediateRegion": "Western Africa",
    "RegionCode": 2,
    "SubRegionCode": 202,
    "IntermediateRegionCode": 11
  },
  {
    "Name": "Mauritius",
    "Code": 480,
    "Region": "Africa",
    "SubRegion": "Sub-Saharan Africa",
    "IntermediateRegion": "Eastern Africa",
    "RegionCode": 2,
    "SubRegionCode": 202,
    "IntermediateRegionCode": 14
  },
  {
    "Name": "Mayotte",
    "Code": 175,
    "Region": "Africa",
    "SubRegion": "Sub-Saharan Africa",
    "IntermediateRegion": "Eastern Africa",
    "RegionCode": 2,
    "SubRegionCode": 202,
    "IntermediateRegionCode": 14
  },
  {
    "Name": "Mexico",
    "Code": 484,
    "Region": "Americas",
    "SubRegion": "Latin America and the Caribbean",
    "IntermediateRegion": "Central America",
    "RegionCode": 19,
    "SubRegionCode": 419,
    "IntermediateRegionCode": 13
  },
  {
    "Name": "Micronesia (Federated States of)",
    "Code": 583,
    "Region": "Oceania",
    "SubRegion": "Micronesia",
    "IntermediateRegion": "",
    "RegionCode": 9,
    "SubRegionCode": 57,
    "IntermediateRegionCode": null
  },
  {
    "Name": "Moldova, Republic of",
    "Code": 498,
    "Region": "Europe",
    "SubRegion": "Eastern Europe",
    "IntermediateRegion": "",
    "RegionCode": 150,
    "SubRegionCode": 151,
    "IntermediateRegionCode": null
  },
  {
    "Name": "Monaco",
    "Code": 492,
    "Region": "Europe",
    "SubRegion": "Western Europe",
    "IntermediateRegion": "",
    "RegionCode": 150,
    "SubRegionCode": 155,
    "IntermediateRegionCode": null
  },
  {
    "Name": "Mongolia",
    "Code": 496,
    "Region": "Asia",
    "SubRegion": "Eastern Asia",
    "IntermediateRegion": "",
    "RegionCode": 142,
    "SubRegionCode": 30,
    "IntermediateRegionCode": null
  },
  {
    "Name": "Montenegro",
    "Code": 499,
    "Region": "Europe",
    "SubRegion": "Southern Europe",
    "IntermediateRegion": "",
    "RegionCode": 150,
    "SubRegionCode": 39,
    "IntermediateRegionCode": null
  },
  {
    "Name": "Montserrat",
    "Code": 500,
    "Region": "Americas",
    "SubRegion": "Latin America and the Caribbean",
    "IntermediateRegion": "Caribbean",
    "RegionCode": 19,
    "SubRegionCode": 419,
    "IntermediateRegionCode": 29
  },
  {
    "Name": "Morocco",
    "Code": 504,
    "Region": "Africa",
    "SubRegion": "Northern Africa",
    "IntermediateRegion": "",
    "RegionCode": 2,
    "SubRegionCode": 15,
    "IntermediateRegionCode": null
  },
  {
    "Name": "Mozambique",
    "Code": 508,
    "Region": "Africa",
    "SubRegion": "Sub-Saharan Africa",
    "IntermediateRegion": "Eastern Africa",
    "RegionCode": 2,
    "SubRegionCode": 202,
    "IntermediateRegionCode": 14
  },
  {
    "Name": "Myanmar",
    "Code": 104,
    "Region": "Asia",
    "SubRegion": "South-eastern Asia",
    "IntermediateRegion": "",
    "RegionCode": 142,
    "SubRegionCode": 35,
    "IntermediateRegionCode": null
  },
  {
    "Name": "Namibia",
    "Code": 516,
    "Region": "Africa",
    "SubRegion": "Sub-Saharan Africa",
    "IntermediateRegion": "Southern Africa",
    "RegionCode": 2,
    "SubRegionCode": 202,
    "IntermediateRegionCode": 18
  },
  {
    "Name": "Nauru",
    "Code": 520,
    "Region": "Oceania",
    "SubRegion": "Micronesia",
    "IntermediateRegion": "",
    "RegionCode": 9,
    "SubRegionCode": 57,
    "IntermediateRegionCode": null
  },
  {
    "Name": "Nepal",
    "Code": 524,
    "Region": "Asia",
    "SubRegion": "Southern Asia",
    "IntermediateRegion": "",
    "RegionCode": 142,
    "SubRegionCode": 34,
    "IntermediateRegionCode": null
  },
  {
    "Name": "Netherlands",
    "Code": 528,
    "Region": "Europe",
    "SubRegion": "Western Europe",
    "IntermediateRegion": "",
    "RegionCode": 150,
    "SubRegionCode": 155,
    "IntermediateRegionCode": null
  },
  {
    "Name": "New Caledonia",
    "Code": 540,
    "Region": "Oceania",
    "SubRegion": "Melanesia",
    "IntermediateRegion": "",
    "RegionCode": 9,
    "SubRegionCode": 54,
    "IntermediateRegionCode": null
  },
  {
    "Name": "New Zealand",
    "Code": 554,
    "Region": "Oceania",
    "SubRegion": "Australia and New Zealand",
    "IntermediateRegion": "",
    "RegionCode": 9,
    "SubRegionCode": 53,
    "IntermediateRegionCode": null
  },
  {
    "Name": "Nicaragua",
    "Code": 558,
    "Region": "Americas",
    "SubRegion": "Latin America and the Caribbean",
    "IntermediateRegion": "Central America",
    "RegionCode": 19,
    "SubRegionCode": 419,
    "IntermediateRegionCode": 13
  },
  {
    "Name": "Niger",
    "Code": 562,
    "Region": "Africa",
    "SubRegion": "Sub-Saharan Africa",
    "IntermediateRegion": "Western Africa",
    "RegionCode": 2,
    "SubRegionCode": 202,
    "IntermediateRegionCode": 11
  },
  {
    "Name": "Nigeria",
    "Code": 566,
    "Region": "Africa",
    "SubRegion": "Sub-Saharan Africa",
    "IntermediateRegion": "Western Africa",
    "RegionCode": 2,
    "SubRegionCode": 202,
    "IntermediateRegionCode": 11
  },
  {
    "Name": "Niue",
    "Code": 570,
    "Region": "Oceania",
    "SubRegion": "Polynesia",
    "IntermediateRegion": "",
    "RegionCode": 9,
    "SubRegionCode": 61,
    "IntermediateRegionCode": null
  },
  {
    "Name": "Norfolk Island",
    "Code": 574,
    "Region": "Oceania",
    "SubRegion": "Australia and New Zealand",
    "IntermediateRegion": "",
    "RegionCode": 9,
    "SubRegionCode": 53,
    "IntermediateRegionCode": null
  },
  {
    "Name": "North Macedonia",
    "Code": 807,
    "Region": "Europe",
    "SubRegion": "Southern Europe",
    "IntermediateRegion": "",
    "RegionCode": 150,
    "SubRegionCode": 39,
    "IntermediateRegionCode": null
  },
  {
    "Name": "Northern Mariana Islands",
    "Code": 580,
    "Region": "Oceania",
    "SubRegion": "Micronesia",
    "IntermediateRegion": "",
    "RegionCode": 9,
    "SubRegionCode": 57,
    "IntermediateRegionCode": null
  },
  {
    "Name": "Norway",
    "Code": 578,
    "Region": "Europe",
    "SubRegion": "Northern Europe",
    "IntermediateRegion": "",
    "RegionCode": 150,
    "SubRegionCode": 154,
    "IntermediateRegionCode": null
  },
  {
    "Name": "Oman",
    "Code": 512,
    "Region": "Asia",
    "SubRegion": "Western Asia",
    "IntermediateRegion": "",
    "RegionCode": 142,
    "SubRegionCode": 145,
    "IntermediateRegionCode": null
  },
  {
    "Name": "Pakistan",
    "Code": 586,
    "Region": "Asia",
    "SubRegion": "Southern Asia",
    "IntermediateRegion": "",
    "RegionCode": 142,
    "SubRegionCode": 34,
    "IntermediateRegionCode": null
  },
  {
    "Name": "Palau",
    "Code": 585,
    "Region": "Oceania",
    "SubRegion": "Micronesia",
    "IntermediateRegion": "",
    "RegionCode": 9,
    "SubRegionCode": 57,
    "IntermediateRegionCode": null
  },
  {
    "Name": "Palestine, State of",
    "Code": 275,
    "Region": "Asia",
    "SubRegion": "Western Asia",
    "IntermediateRegion": "",
    "RegionCode": 142,
    "SubRegionCode": 145,
    "IntermediateRegionCode": null
  },
  {
    "Name": "Panama",
    "Code": 591,
    "Region": "Americas",
    "SubRegion": "Latin America and the Caribbean",
    "IntermediateRegion": "Central America",
    "RegionCode": 19,
    "SubRegionCode": 419,
    "IntermediateRegionCode": 13
  },
  {
    "Name": "Papua New Guinea",
    "Code": 598,
    "Region": "Oceania",
    "SubRegion": "Melanesia",
    "IntermediateRegion": "",
    "RegionCode": 9,
    "SubRegionCode": 54,
    "IntermediateRegionCode": null
  },
  {
    "Name": "Paraguay",
    "Code": 600,
    "Region": "Americas",
    "SubRegion": "Latin America and the Caribbean",
    "IntermediateRegion": "South America",
    "RegionCode": 19,
    "SubRegionCode": 419,
    "IntermediateRegionCode": 5
  },
  {
    "Name": "Peru",
    "Code": 604,
    "Region": "Americas",
    "SubRegion": "Latin America and the Caribbean",
    "IntermediateRegion": "South America",
    "RegionCode": 19,
    "SubRegionCode": 419,
    "IntermediateRegionCode": 5
  },
  {
    "Name": "Philippines",
    "Code": 608,
    "Region": "Asia",
    "SubRegion": "South-eastern Asia",
    "IntermediateRegion": "",
    "RegionCode": 142,
    "SubRegionCode": 35,
    "IntermediateRegionCode": null
  },
  {
    "Name": "Pitcairn",
    "Code": 612,
    "Region": "Oceania",
    "SubRegion": "Polynesia",
    "IntermediateRegion": "",
    "RegionCode": 9,
    "SubRegionCode": 61,
    "IntermediateRegionCode": null
  },
  {
    "Name": "Poland",
    "Code": 616,
    "Region": "Europe",
    "SubRegion": "Eastern Europe",
    "IntermediateRegion": "",
    "RegionCode": 150,
    "SubRegionCode": 151,
    "IntermediateRegionCode": null
  },
  {
    "Name": "Portugal",
    "Code": 620,
    "Region": "Europe",
    "SubRegion": "Southern Europe",
    "IntermediateRegion": "",
    "RegionCode": 150,
    "SubRegionCode": 39,
    "IntermediateRegionCode": null
  },
  {
    "Name": "Puerto Rico",
    "Code": 630,
    "Region": "Americas",
    "SubRegion": "Latin America and the Caribbean",
    "IntermediateRegion": "Caribbean",
    "RegionCode": 19,
    "SubRegionCode": 419,
    "IntermediateRegionCode": 29
  },
  {
    "Name": "Qatar",
    "Code": 634,
    "Region": "Asia",
    "SubRegion": "Western Asia",
    "IntermediateRegion": "",
    "RegionCode": 142,
    "SubRegionCode": 145,
    "IntermediateRegionCode": null
  },
  {
    "Name": "Réunion",
    "Code": 638,
    "Region": "Africa",
    "SubRegion": "Sub-Saharan Africa",
    "IntermediateRegion": "Eastern Africa",
    "RegionCode": 2,
    "SubRegionCode": 202,
    "IntermediateRegionCode": 14
  },
  {
    "Name": "Romania",
    "Code": 642,
    "Region": "Europe",
    "SubRegion": "Eastern Europe",
    "IntermediateRegion": "",
    "RegionCode": 150,
    "SubRegionCode": 151,
    "IntermediateRegionCode": null
  },
  {
    "Name": "Russian Federation",
    "Code": 643,
    "Region": "Europe",
    "SubRegion": "Eastern Europe",
    "IntermediateRegion": "",
    "RegionCode": 150,
    "SubRegionCode": 151,
    "IntermediateRegionCode": null
  },
  {
    "Name": "Rwanda",
    "Code": 646,
    "Region": "Africa",
    "SubRegion": "Sub-Saharan Africa",
    "IntermediateRegion": "Eastern Africa",
    "RegionCode": 2,
    "SubRegionCode": 202,
    "IntermediateRegionCode": 14
  },
  {
    "Name": "Saint Barthélemy",
    "Code": 652,
    "Region": "Americas",
    "SubRegion": "Latin America and the Caribbean",
    "IntermediateRegion": "Caribbean",
    "RegionCode": 19,
    "SubRegionCode": 419,
    "IntermediateRegionCode": 29
  },
  {
    "Name": "Saint Helena, Ascension and Tristan da Cunha",
    "Code": 654,
    "Region": "Africa",
    "SubRegion": "Sub-Saharan Africa",
    "IntermediateRegion": "Western Africa",
    "RegionCode": 2,
    "SubRegionCode": 202,
    "IntermediateRegionCode": 11
  },
  {
    "Name": "Saint Kitts and Nevis",
    "Code": 659,
    "Region": "Americas",
    "SubRegion": "Latin America and the Caribbean",
    "IntermediateRegion": "Caribbean",
    "RegionCode": 19,
    "SubRegionCode": 419,
    "IntermediateRegionCode": 29
  },
  {
    "Name": "Saint Lucia",
    "Code": 662,
    "Region": "Americas",
    "SubRegion": "Latin America and the Caribbean",
    "IntermediateRegion": "Caribbean",
    "RegionCode": 19,
    "SubRegionCode": 419,
    "IntermediateRegionCode": 29
  },
  {
    "Name": "Saint Martin (French part)",
    "Code": 663,
    "Region": "Americas",
    "SubRegion": "Latin America and the Caribbean",
    "IntermediateRegion": "Caribbean",
    "RegionCode": 19,
    "SubRegionCode": 419,
    "IntermediateRegionCode": 29
  },
  {
    "Name": "Saint Pierre and Miquelon",
    "Code": 666,
    "Region": "Americas",
    "SubRegion": "Northern America",
    "IntermediateRegion": "",
    "RegionCode": 19,
    "SubRegionCode": 21,
    "IntermediateRegionCode": null
  },
  {
    "Name": "Saint Vincent and the Grenadines",
    "Code": 670,
    "Region": "Americas",
    "SubRegion": "Latin America and the Caribbean",
    "IntermediateRegion": "Caribbean",
    "RegionCode": 19,
    "SubRegionCode": 419,
    "IntermediateRegionCode": 29
  },
  {
    "Name": "Samoa",
    "Code": 882,
    "Region": "Oceania",
    "SubRegion": "Polynesia",
    "IntermediateRegion": "",
    "RegionCode": 9,
    "SubRegionCode": 61,
    "IntermediateRegionCode": null
  },
  {
    "Name": "San Marino",
    "Code": 674,
    "Region": "Europe",
    "SubRegion": "Southern Europe",
    "IntermediateRegion": "",
    "RegionCode": 150,
    "SubRegionCode": 39,
    "IntermediateRegionCode": null
  },
  {
    "Name": "Sao Tome and Principe",
    "Code": 678,
    "Region": "Africa",
    "SubRegion": "Sub-Saharan Africa",
    "IntermediateRegion": "Middle Africa",
    "RegionCode": 2,
    "SubRegionCode": 202,
    "IntermediateRegionCode": 17
  },
  {
    "Name": "Saudi Arabia",
    "Code": 682,
    "Region": "Asia",
    "SubRegion": "Western Asia",
    "IntermediateRegion": "",
    "RegionCode": 142,
    "SubRegionCode": 145,
    "IntermediateRegionCode": null
  },
  {
    "Name": "Senegal",
    "Code": 686,
    "Region": "Africa",
    "SubRegion": "Sub-Saharan Africa",
    "IntermediateRegion": "Western Africa",
    "RegionCode": 2,
    "SubRegionCode": 202,
    "IntermediateRegionCode": 11
  },
  {
    "Name": "Serbia",
    "Code": 688,
    "Region": "Europe",
    "SubRegion": "Southern Europe",
    "IntermediateRegion": "",
    "RegionCode": 150,
    "SubRegionCode": 39,
    "IntermediateRegionCode": null
  },
  {
    "Name": "Seychelles",
    "Code": 690,
    "Region": "Africa",
    "SubRegion": "Sub-Saharan Africa",
    "IntermediateRegion": "Eastern Africa",
    "RegionCode": 2,
    "SubRegionCode": 202,
    "IntermediateRegionCode": 14
  },
  {
    "Name": "Sierra Leone",
    "Code": 694,
    "Region": "Africa",
    "SubRegion": "Sub-Saharan Africa",
    "IntermediateRegion": "Western Africa",
    "RegionCode": 2,
    "SubRegionCode": 202,
    "IntermediateRegionCode": 11
  },
  {
    "Name": "Singapore",
    "Code": 702,
    "Region": "Asia",
    "SubRegion": "South-eastern Asia",
    "IntermediateRegion": "",
    "RegionCode": 142,
    "SubRegionCode": 35,
    "IntermediateRegionCode": null
  },
  {
    "Name": "Sint Maarten (Dutch part)",
    "Code": 534,
    "Region": "Americas",
    "SubRegion": "Latin America and the Caribbean",
    "IntermediateRegion": "Caribbean",
    "RegionCode": 19,
    "SubRegionCode": 419,
    "IntermediateRegionCode": 29
  },
  {
    "Name": "Slovakia",
    "Code": 703,
    "Region": "Europe",
    "SubRegion": "Eastern Europe",
    "IntermediateRegion": "",
    "RegionCode": 150,
    "SubRegionCode": 151,
    "IntermediateRegionCode": null
  },
  {
    "Name": "Slovenia",
    "Code": 705,
    "Region": "Europe",
    "SubRegion": "Southern Europe",
    "IntermediateRegion": "",
    "RegionCode": 150,
    "SubRegionCode": 39,
    "IntermediateRegionCode": null
  },
  {
    "Name": "Solomon Islands",
    "Code": 90,
    "Region": "Oceania",
    "SubRegion": "Melanesia",
    "IntermediateRegion": "",
    "RegionCode": 9,
    "SubRegionCode": 54,
    "IntermediateRegionCode": null
  },
  {
    "Name": "Somalia",
    "Code": 706,
    "Region": "Africa",
    "SubRegion": "Sub-Saharan Africa",
    "IntermediateRegion": "Eastern Africa",
    "RegionCode": 2,
    "SubRegionCode": 202,
    "IntermediateRegionCode": 14
  },
  {
    "Name": "South Africa",
    "Code": 710,
    "Region": "Africa",
    "SubRegion": "Sub-Saharan Africa",
    "IntermediateRegion": "Southern Africa",
    "RegionCode": 2,
    "SubRegionCode": 202,
    "IntermediateRegionCode": 18
  },
  {
    "Name": "South Georgia and the South Sandwich Islands",
    "Code": 239,
    "Region": "Americas",
    "SubRegion": "Latin America and the Caribbean",
    "IntermediateRegion": "South America",
    "RegionCode": 19,
    "SubRegionCode": 419,
    "IntermediateRegionCode": 5
  },
  {
    "Name": "South Sudan",
    "Code": 728,
    "Region": "Africa",
    "SubRegion": "Sub-Saharan Africa",
    "IntermediateRegion": "Eastern Africa",
    "RegionCode": 2,
    "SubRegionCode": 202,
    "IntermediateRegionCode": 14
  },
  {
    "Name": "Spain",
    "Code": 724,
    "Region": "Europe",
    "SubRegion": "Southern Europe",
    "IntermediateRegion": "",
    "RegionCode": 150,
    "SubRegionCode": 39,
    "IntermediateRegionCode": null
  },
  {
    "Name": "Sri Lanka",
    "Code": 144,
    "Region": "Asia",
    "SubRegion": "Southern Asia",
    "IntermediateRegion": "",
    "RegionCode": 142,
    "SubRegionCode": 34,
    "IntermediateRegionCode": null
  },
  {
    "Name": "Sudan",
    "Code": 729,
    "Region": "Africa",
    "SubRegion": "Northern Africa",
    "IntermediateRegion": "",
    "RegionCode": 2,
    "SubRegionCode": 15,
    "IntermediateRegionCode": null
  },
  {
    "Name": "Suriname",
    "Code": 740,
    "Region": "Americas",
    "SubRegion": "Latin America and the Caribbean",
    "IntermediateRegion": "South America",
    "RegionCode": 19,
    "SubRegionCode": 419,
    "IntermediateRegionCode": 5
  },
  {
    "Name": "Svalbard and Jan Mayen",
    "Code": 744,
    "Region": "Europe",
    "SubRegion": "Northern Europe",
    "IntermediateRegion": "",
    "RegionCode": 150,
    "SubRegionCode": 154,
    "IntermediateRegionCode": null
  },
  {
    "Name": "Sweden",
    "Code": 752,
    "Region": "Europe",
    "SubRegion": "Northern Europe",
    "IntermediateRegion": "",
    "RegionCode": 150,
    "SubRegionCode": 154,
    "IntermediateRegionCode": null
  },
  {
    "Name": "Switzerland",
    "Code": 756,
    "Region": "Europe",
    "SubRegion": "Western Europe",
    "IntermediateRegion": "",
    "RegionCode": 150,
    "SubRegionCode": 155,
    "IntermediateRegionCode": null
  },
  {
    "Name": "Syrian Arab Republic",
    "Code": 760,
    "Region": "Asia",
    "SubRegion": "Western Asia",
    "IntermediateRegion": "",
    "RegionCode": 142,
    "SubRegionCode": 145,
    "IntermediateRegionCode": null
  },
  {
    "Name": "Taiwan, Province of China",
    "Code": 158,
    "Region": "Asia",
    "SubRegion": "Eastern Asia",
    "IntermediateRegion": "",
    "RegionCode": 142,
    "SubRegionCode": 30,
    "IntermediateRegionCode": null
  },
  {
    "Name": "Tajikistan",
    "Code": 762,
    "Region": "Asia",
    "SubRegion": "Central Asia",
    "IntermediateRegion": "",
    "RegionCode": 142,
    "SubRegionCode": 143,
    "IntermediateRegionCode": null
  },
  {
    "Name": "Tanzania, United Republic of",
    "Code": 834,
    "Region": "Africa",
    "SubRegion": "Sub-Saharan Africa",
    "IntermediateRegion": "Eastern Africa",
    "RegionCode": 2,
    "SubRegionCode": 202,
    "IntermediateRegionCode": 14
  },
  {
    "Name": "Thailand",
    "Code": 764,
    "Region": "Asia",
    "SubRegion": "South-eastern Asia",
    "IntermediateRegion": "",
    "RegionCode": 142,
    "SubRegionCode": 35,
    "IntermediateRegionCode": null
  },
  {
    "Name": "Timor-Leste",
    "Code": 626,
    "Region": "Asia",
    "SubRegion": "South-eastern Asia",
    "IntermediateRegion": "",
    "RegionCode": 142,
    "SubRegionCode": 35,
    "IntermediateRegionCode": null
  },
  {
    "Name": "Togo",
    "Code": 768,
    "Region": "Africa",
    "SubRegion": "Sub-Saharan Africa",
    "IntermediateRegion": "Western Africa",
    "RegionCode": 2,
    "SubRegionCode": 202,
    "IntermediateRegionCode": 11
  },
  {
    "Name": "Tokelau",
    "Code": 772,
    "Region": "Oceania",
    "SubRegion": "Polynesia",
    "IntermediateRegion": "",
    "RegionCode": 9,
    "SubRegionCode": 61,
    "IntermediateRegionCode": null
  },
  {
    "Name": "Tonga",
    "Code": 776,
    "Region": "Oceania",
    "SubRegion": "Polynesia",
    "IntermediateRegion": "",
    "RegionCode": 9,
    "SubRegionCode": 61,
    "IntermediateRegionCode": null
  },
  {
    "Name": "Trinidad and Tobago",
    "Code": 780,
    "Region": "Americas",
    "SubRegion": "Latin America and the Caribbean",
    "IntermediateRegion": "Caribbean",
    "RegionCode": 19,
    "SubRegionCode": 419,
    "IntermediateRegionCode": 29
  },
  {
    "Name": "Tunisia",
    "Code": 788,
    "Region": "Africa",
    "SubRegion": "Northern Africa",
    "IntermediateRegion": "",
    "RegionCode": 2,
    "SubRegionCode": 15,
    "IntermediateRegionCode": null
  },
  {
    "Name": "Turkey",
    "Code": 792,
    "Region": "Asia",
    "SubRegion": "Western Asia",
    "IntermediateRegion": "",
    "RegionCode": 142,
    "SubRegionCode": 145,
    "IntermediateRegionCode": null
  },
  {
    "Name": "Turkmenistan",
    "Code": 795,
    "Region": "Asia",
    "SubRegion": "Central Asia",
    "IntermediateRegion": "",
    "RegionCode": 142,
    "SubRegionCode": 143,
    "IntermediateRegionCode": null
  },
  {
    "Name": "Turks and Caicos Islands",
    "Code": 796,
    "Region": "Americas",
    "SubRegion": "Latin America and the Caribbean",
    "IntermediateRegion": "Caribbean",
    "RegionCode": 19,
    "SubRegionCode": 419,
    "IntermediateRegionCode": 29
  },
  {
    "Name": "Tuvalu",
    "Code": 798,
    "Region": "Oceania",
    "SubRegion": "Polynesia",
    "IntermediateRegion": "",
    "RegionCode": 9,
    "SubRegionCode": 61,
    "IntermediateRegionCode": null
  },
  {
    "Name": "Uganda",
    "Code": 800,
    "Region": "Africa",
    "SubRegion": "Sub-Saharan Africa",
    "IntermediateRegion": "Eastern Africa",
    "RegionCode": 2,
    "SubRegionCode": 202,
    "IntermediateRegionCode": 14
  },
  {
    "Name": "Ukraine",
    "Code": 804,
    "Region": "Europe",
    "SubRegion": "Eastern Europe",
    "IntermediateRegion": "",
    "RegionCode": 150,
    "SubRegionCode": 151,
    "IntermediateRegionCode": null
  },
  {
    "Name": "United Arab Emirates",
    "Code": 784,
    "Region": "Asia",
    "SubRegion": "Western Asia",
    "IntermediateRegion": "",
    "RegionCode": 142,
    "SubRegionCode": 145,
    "IntermediateRegionCode": null
  },
  {
    "Name": "United Kingdom of Great Britain and Northern Ireland",
    "Code": 826,
    "Region": "Europe",
    "SubRegion": "Northern Europe",
    "IntermediateRegion": "",
    "RegionCode": 150,
    "SubRegionCode": 154,
    "IntermediateRegionCode": null
  },
  {
    "Name": "United States of America",
    "Code": 840,
    "Region": "Americas",
    "SubRegion": "Northern America",
    "IntermediateRegion": "",
    "RegionCode": 19,
    "SubRegionCode": 21,
    "IntermediateRegionCode": null
  },
  {
    "Name": "United States Minor Outlying Islands",
    "Code": 581,
    "Region": "Oceania",
    "SubRegion": "Micronesia",
    "IntermediateRegion": "",
    "RegionCode": 9,
    "SubRegionCode": 57,
    "IntermediateRegionCode": null
  },
  {
    "Name": "Uruguay",
    "Code": 858,
    "Region": "Americas",
    "SubRegion": "Latin America and the Caribbean",
    "IntermediateRegion": "South America",
    "RegionCode": 19,
    "SubRegionCode": 419,
    "IntermediateRegionCode": 5
  },
  {
    "Name": "Uzbekistan",
    "Code": 860,
    "Region": "Asia",
    "SubRegion": "Central Asia",
    "IntermediateRegion": "",
    "RegionCode": 142,
    "SubRegionCode": 143,
    "IntermediateRegionCode": null
  },
  {
    "Name": "Vanuatu",
    "Code": 548,
    "Region": "Oceania",
    "SubRegion": "Melanesia",
    "IntermediateRegion": "",
    "RegionCode": 9,
    "SubRegionCode": 54,
    "IntermediateRegionCode": null
  },
  {
    "Name": "Venezuela (Bolivarian Republic of)",
    "Code": 862,
    "Region": "Americas",
    "SubRegion": "Latin America and the Caribbean",
    "IntermediateRegion": "South America",
    "RegionCode": 19,
    "SubRegionCode": 419,
    "IntermediateRegionCode": 5
  },
  {
    "Name": "Viet Nam",
    "Code": 704,
    "Region": "Asia",
    "SubRegion": "South-eastern Asia",
    "IntermediateRegion": "",
    "RegionCode": 142,
    "SubRegionCode": 35,
    "IntermediateRegionCode": null
  },
  {
    "Name": "Virgin Islands (British)",
    "Code": 92,
    "Region": "Americas",
    "SubRegion": "Latin America and the Caribbean",
    "IntermediateRegion": "Caribbean",
    "RegionCode": 19,
    "SubRegionCode": 419,
    "IntermediateRegionCode": 29
  },
  {
    "Name": "Virgin Islands (U.S.)",
    "Code": 850,
    "Region": "Americas",
    "SubRegion": "Latin America and the Caribbean",
    "IntermediateRegion": "Caribbean",
    "RegionCode": 19,
    "SubRegionCode": 419,
    "IntermediateRegionCode": 29
  },
  {
    "Name": "Wallis and Futuna",
    "Code": 876,
    "Region": "Oceania",
    "SubRegion": "Polynesia",
    "IntermediateRegion": "",
    "RegionCode": 9,
    "SubRegionCode": 61,
    "IntermediateRegionCode": null
  },
  {
    "Name": "Western Sahara",
    "Code": 732,
    "Region": "Africa",
    "SubRegion": "Northern Africa",
    "IntermediateRegion": "",
    "RegionCode": 2,
    "SubRegionCode": 15,
    "IntermediateRegionCode": null
  },
  {
    "Name": "Yemen",
    "Code": 887,
    "Region": "Asia",
    "SubRegion": "Western Asia",
    "IntermediateRegion": "",
    "RegionCode": 142,
    "SubRegionCode": 145,
    "IntermediateRegionCode": null
  },
  {
    "Name": "Zambia",
    "Code": 894,
    "Region": "Africa",
    "SubRegion": "Sub-Saharan Africa",
    "IntermediateRegion": "Eastern Africa",
    "RegionCode": 2,
    "SubRegionCode": 202,
    "IntermediateRegionCode": 14
  },
  {
    "Name": "Zimbabwe",
    "Code": 716,
    "Region": "Africa",
    "SubRegion": "Sub-Saharan Africa",
    "IntermediateRegion": "Eastern Africa",
    "RegionCode": 2,
    "SubRegionCode": 202,
    "IntermediateRegionCode": 14
  }
]