[
  {
    "Name": "Afghanistan",
    "Name_ZH_S": "阿富汗",
    "Name_EN_S": "AFGHANISTAN",
    "Name_ZH_F": "阿富汗伊斯兰国",
    "Name_EN_F": "Islamic State ofAfghanistan",
    "Code": 4,
    "Region": "Asia",
    "SubRegion": "Southern Asia",
    "IntermediateRegion": "",
    "RegionCode": 142,
    "SubRegionCode": 34,
    "IntermediateRegionCode": null
  },
  {
    "Name": "Åland Islands",
    "Name_ZH_S": null,
    "Name_EN_S": null,
    "Name_ZH_F": null,
    "Name_EN_F": null,
    "Code": 248,
    "Region": "Europe",
    "SubRegion": "Northern Europe",
    "IntermediateRegion": "",
    "RegionCode": 150,
    "SubRegionCode": 154,
    "IntermediateRegionCode": null
  },
  {
    "Name": "Albania",
    "Name_ZH_S": "阿尔巴尼亚",
    "Name_EN_S": "ALBANIA",
    "Name_ZH_F": "阿尔马尼亚共和国",
    "Name_EN_F": "Republic of Albania",
    "Code": 8,
    "Region": "Europe",
    "SubRegion": "Southern Europe",
    "IntermediateRegion": "",
    "RegionCode": 150,
    "SubRegionCode": 39,
    "IntermediateRegionCode": null
  },
  {
    "Name": "Algeria",
    "Name_ZH_S": "阿尔及利亚",
    "Name_EN_S": "ALGERIA",
    "Name_ZH_F": "阿尔及利亚民主人民共和国",
    "Name_EN_F": "Democratic People’s Republic of Algeria",
    "Code": 12,
    "Region": "Africa",
    "SubRegion": "Northern Africa",
    "IntermediateRegion": "",
    "RegionCode": 2,
    "SubRegionCode": 15,
    "IntermediateRegionCode": null
  },
  {
    "Name": "American Samoa",
    "Name_ZH_S": "美属萨摩亚",
    "Name_EN_S": "AMERICANSAMOA",
    "Name_ZH_F": "美属萨摩亚",
    "Name_EN_F": "American Samoa",
    "Code": 16,
    "Region": "Oceania",
    "SubRegion": "Polynesia",
    "IntermediateRegion": "",
    "RegionCode": 9,
    "SubRegionCode": 61,
    "IntermediateRegionCode": null
  },
  {
    "Name": "Andorra",
    "Name_ZH_S": "安道尔",
    "Name_EN_S": "ANDORRA",
    "Name_ZH_F": "安道尔公国",
    "Name_EN_F": "Principality of Andorra",
    "Code": 20,
    "Region": "Europe",
    "SubRegion": "Southern Europe",
    "IntermediateRegion": "",
    "RegionCode": 150,
    "SubRegionCode": 39,
    "IntermediateRegionCode": null
  },
  {
    "Name": "Angola",
    "Name_ZH_S": "安哥拉",
    "Name_EN_S": "ANGOLA",
    "Name_ZH_F": "安哥拉共和国",
    "Name_EN_F": "Republic of Angola",
    "Code": 24,
    "Region": "Africa",
    "SubRegion": "Sub-Saharan Africa",
    "IntermediateRegion": "Middle Africa",
    "RegionCode": 2,
    "SubRegionCode": 202,
    "IntermediateRegionCode": 17
  },
  {
    "Name": "Anguilla",
    "Name_ZH_S": "安丰拉",
    "Name_EN_S": "ANGUILLA",
    "Name_ZH_F": "安圭拉",
    "Name_EN_F": "Anguilla",
    "Code": 660,
    "Region": "Americas",
    "SubRegion": "Latin America and the Caribbean",
    "IntermediateRegion": "Caribbean",
    "RegionCode": 19,
    "SubRegionCode": 419,
    "IntermediateRegionCode": 29
  },
  {
    "Name": "Antarctica",
    "Name_ZH_S": "南极洲",
    "Name_EN_S": "ANTARCTICA",
    "Name_ZH_F": "南极洲",
    "Name_EN_F": "Antarctica",
    "Code": 10,
    "Region": "",
    "SubRegion": "",
    "IntermediateRegion": "",
    "RegionCode": null,
    "SubRegionCode": null,
    "IntermediateRegionCode": null
  },
  {
    "Name": "Antigua and Barbuda",
    "Name_ZH_S": "安提瓜和巴布达",
    "Name_EN_S": "ANTIGUAANDBARBUDA",
    "Name_ZH_F": "安提瓜和巴布达",
    "Name_EN_F": "Antigua and Barbuda",
    "Code": 28,
    "Region": "Americas",
    "SubRegion": "Latin America and the Caribbean",
    "IntermediateRegion": "Caribbean",
    "RegionCode": 19,
    "SubRegionCode": 419,
    "IntermediateRegionCode": 29
  },
  {
    "Name": "Argentina",
    "Name_ZH_S": "阿根廷",
    "Name_EN_S": "ARGENTINA",
    "Name_ZH_F": "阿根廷共和国",
    "Name_EN_F": "Republic of Argentina",
    "Code": 32,
    "Region": "Americas",
    "SubRegion": "Latin America and the Caribbean",
    "IntermediateRegion": "South America",
    "RegionCode": 19,
    "SubRegionCode": 419,
    "IntermediateRegionCode": 5
  },
  {
    "Name": "Armenia",
    "Name_ZH_S": "亚美尼亚",
    "Name_EN_S": "ARMENIA",
    "Name_ZH_F": "亚美尼亚共和国",
    "Name_EN_F": "Republic of Armenia",
    "Code": 51,
    "Region": "Asia",
    "SubRegion": "Western Asia",
    "IntermediateRegion": "",
    "RegionCode": 142,
    "SubRegionCode": 145,
    "IntermediateRegionCode": null
  },
  {
    "Name": "Aruba",
    "Name_ZH_S": "阿鲁巴",
    "Name_EN_S": "ARUBA",
    "Name_ZH_F": "阿鲁巴",
    "Name_EN_F": "Aruba",
    "Code": 533,
    "Region": "Americas",
    "SubRegion": "Latin America and the Caribbean",
    "IntermediateRegion": "Caribbean",
    "RegionCode": 19,
    "SubRegionCode": 419,
    "IntermediateRegionCode": 29
  },
  {
    "Name": "Australia",
    "Name_ZH_S": "澳大利亚",
    "Name_EN_S": "AUSTRALIA",
    "Name_ZH_F": "澳大利亚联邦",
    "Name_EN_F": "Commonwealth of Anistralia",
    "Code": 36,
    "Region": "Oceania",
    "SubRegion": "Australia and New Zealand",
    "IntermediateRegion": "",
    "RegionCode": 9,
    "SubRegionCode": 53,
    "IntermediateRegionCode": null
  },
  {
    "Name": "Austria",
    "Name_ZH_S": "奥地利",
    "Name_EN_S": "AUSTRTA",
    "Name_ZH_F": "奥地利共和国",
    "Name_EN_F": "Republic of Austria",
    "Code": 40,
    "Region": "Europe",
    "SubRegion": "Western Europe",
    "IntermediateRegion": "",
    "RegionCode": 150,
    "SubRegionCode": 155,
    "IntermediateRegionCode": null
  },
  {
    "Name": "Azerbaijan",
    "Name_ZH_S": "阿塞拜疆",
    "Name_EN_S": "AZERBAIJAN",
    "Name_ZH_F": "阿塞拜疆共和国",
    "Name_EN_F": "Republic of Azerbaiian",
    "Code": 31,
    "Region": "Asia",
    "SubRegion": "Western Asia",
    "IntermediateRegion": "",
    "RegionCode": 142,
    "SubRegionCode": 145,
    "IntermediateRegionCode": null
  },
  {
    "Name": "Bahamas",
    "Name_ZH_S": "巴哈马",
    "Name_EN_S": "BAHAMAS",
    "Name_ZH_F": "巴哈马联邦",
    "Name_EN_F": "Commonwealth of theBahamas",
    "Code": 44,
    "Region": "Americas",
    "SubRegion": "Latin America and the Caribbean",
    "IntermediateRegion": "Caribbean",
    "RegionCode": 19,
    "SubRegionCode": 419,
    "IntermediateRegionCode": 29
  },
  {
    "Name": "Bahrain",
    "Name_ZH_S": "巴林",
    "Name_EN_S": "BAHRAIN",
    "Name_ZH_F": "巴林国",
    "Name_EN_F": "State of Bahrain",
    "Code": 48,
    "Region": "Asia",
    "SubRegion": "Western Asia",
    "IntermediateRegion": "",
    "RegionCode": 142,
    "SubRegionCode": 145,
    "IntermediateRegionCode": null
  },
  {
    "Name": "Bangladesh",
    "Name_ZH_S": "孟加拉国",
    "Name_EN_S": "BANGLADESH",
    "Name_ZH_F": "孟加拉人民共和国",
    "Name_EN_F": "Peoples Republic of Bangladesh",
    "Code": 50,
    "Region": "Asia",
    "SubRegion": "Southern Asia",
    "IntermediateRegion": "",
    "RegionCode": 142,
    "SubRegionCode": 34,
    "IntermediateRegionCode": null
  },
  {
    "Name": "Barbados",
    "Name_ZH_S": "巴巴多斯",
    "Name_EN_S": "BARBADOS",
    "Name_ZH_F": "巴巴多斯",
    "Name_EN_F": "Barbados",
    "Code": 52,
    "Region": "Americas",
    "SubRegion": "Latin America and the Caribbean",
    "IntermediateRegion": "Caribbean",
    "RegionCode": 19,
    "SubRegionCode": 419,
    "IntermediateRegionCode": 29
  },
  {
    "Name": "Belarus",
    "Name_ZH_S": "白俄罗斯",
    "Name_EN_S": "BELARUS",
    "Name_ZH_F": "白俄罗斯共和国",
    "Name_EN_F": "Republic of Belarus",
    "Code": 112,
    "Region": "Europe",
    "SubRegion": "Eastern Europe",
    "IntermediateRegion": "",
    "RegionCode": 150,
    "SubRegionCode": 151,
    "IntermediateRegionCode": null
  },
  {
    "Name": "Belgium",
    "Name_ZH_S": "比利时",
    "Name_EN_S": "BELGIUM",
    "Name_ZH_F": "比利时王国",
    "Name_EN_F": "Kingdom of belgium",
    "Code": 56,
    "Region": "Europe",
    "SubRegion": "Western Europe",
    "IntermediateRegion": "",
    "RegionCode": 150,
    "SubRegionCode": 155,
    "IntermediateRegionCode": null
  },
  {
    "Name": "Belize",
    "Name_ZH_S": "伯利兹",
    "Name_EN_S": "BELIZE",
    "Name_ZH_F": "伯利兹",
    "Name_EN_F": "Belize",
    "Code": 84,
    "Region": "Americas",
    "SubRegion": "Latin America and the Caribbean",
    "IntermediateRegion": "Central America",
    "RegionCode": 19,
    "SubRegionCode": 419,
    "IntermediateRegionCode": 13
  },
  {
    "Name": "Benin",
    "Name_ZH_S": "贝宁",
    "Name_EN_S": "BENIN",
    "Name_ZH_F": "贝宁共和国",
    "Name_EN_F": "Republic of Benin",
    "Code": 204,
    "Region": "Africa",
    "SubRegion": "Sub-Saharan Africa",
    "IntermediateRegion": "Western Africa",
    "RegionCode": 2,
    "SubRegionCode": 202,
    "IntermediateRegionCode": 11
  },
  {
    "Name": "Bermuda",
    "Name_ZH_S": "百慕大",
    "Name_EN_S": "BERMUDA",
    "Name_ZH_F": "百慕大群岛",
    "Name_EN_F": "BermudaIslands",
    "Code": 60,
    "Region": "Americas",
    "SubRegion": "Northern America",
    "IntermediateRegion": "",
    "RegionCode": 19,
    "SubRegionCode": 21,
    "IntermediateRegionCode": null
  },
  {
    "Name": "Bhutan",
    "Name_ZH_S": "不丹",
    "Name_EN_S": "BHUTAN",
    "Name_ZH_F": "不丹王国",
    "Name_EN_F": "Kingdom of Bhutan",
    "Code": 64,
    "Region": "Asia",
    "SubRegion": "Southern Asia",
    "IntermediateRegion": "",
    "RegionCode": 142,
    "SubRegionCode": 34,
    "IntermediateRegionCode": null
  },
  {
    "Name": "Bolivia (Plurinational State of)",
    "Name_ZH_S": "玻利维亚",
    "Name_EN_S": "BOLIVIA",
    "Name_ZH_F": "玻利维亚共和国",
    "Name_EN_F": "Republic of Bolivia",
    "Code": 68,
    "Region": "Americas",
    "SubRegion": "Latin America and the Caribbean",
    "IntermediateRegion": "South America",
    "RegionCode": 19,
    "SubRegionCode": 419,
    "IntermediateRegionCode": 5
  },
  {
    "Name": "Bonaire, Sint Eustatius and Saba",
    "Name_ZH_S": null,
    "Name_EN_S": null,
    "Name_ZH_F": null,
    "Name_EN_F": null,
    "Code": 535,
    "Region": "Americas",
    "SubRegion": "Latin America and the Caribbean",
    "IntermediateRegion": "Caribbean",
    "RegionCode": 19,
    "SubRegionCode": 419,
    "IntermediateRegionCode": 29
  },
  {
    "Name": "Bosnia and Herzegovina",
    "Name_ZH_S": "波黑",
    "Name_EN_S": "BOSNIAANDHERZEGOVINA",
    "Name_ZH_F": "波斯尼亚和黑塞哥维那",
    "Name_EN_F": "BosniaandHerzegovina",
    "Code": 70,
    "Region": "Europe",
    "SubRegion": "Southern Europe",
    "IntermediateRegion": "",
    "RegionCode": 150,
    "SubRegionCode": 39,
    "IntermediateRegionCode": null
  },
  {
    "Name": "Botswana",
    "Name_ZH_S": "博茨瓦纳",
    "Name_EN_S": "BOTSWANA",
    "Name_ZH_F": "博茨瓦纳共和国",
    "Name_EN_F": "Republic of Botswana",
    "Code": 72,
    "Region": "Africa",
    "SubRegion": "Sub-Saharan Africa",
    "IntermediateRegion": "Southern Africa",
    "RegionCode": 2,
    "SubRegionCode": 202,
    "IntermediateRegionCode": 18
  },
  {
    "Name": "Bouvet Island",
    "Name_ZH_S": "布维岛",
    "Name_EN_S": "BOUVETISLAND",
    "Name_ZH_F": "布维岛",
    "Name_EN_F": "BouvetIsland",
    "Code": 74,
    "Region": "Americas",
    "SubRegion": "Latin America and the Caribbean",
    "IntermediateRegion": "South America",
    "RegionCode": 19,
    "SubRegionCode": 419,
    "IntermediateRegionCode": 5
  },
  {
    "Name": "Brazil",
    "Name_ZH_S": "巴西",
    "Name_EN_S": "BRAZIL",
    "Name_ZH_F": "巴西联邦共和国",
    "Name_EN_F": "FederativeRepublicofBrazil",
    "Code": 76,
    "Region": "Americas",
    "SubRegion": "Latin America and the Caribbean",
    "IntermediateRegion": "South America",
    "RegionCode": 19,
    "SubRegionCode": 419,
    "IntermediateRegionCode": 5
  },
  {
    "Name": "British Indian Ocean Territory",
    "Name_ZH_S": "英属印度洋领土",
    "Name_EN_S": "BRITISHINDIANOCEANTER-RITORY",
    "Name_ZH_F": "英属印度洋领土",
    "Name_EN_F": "BritishIndianOceanTerritory",
    "Code": 86,
    "Region": "Africa",
    "SubRegion": "Sub-Saharan Africa",
    "IntermediateRegion": "Eastern Africa",
    "RegionCode": 2,
    "SubRegionCode": 202,
    "IntermediateRegionCode": 14
  },
  {
    "Name": "Brunei Darussalam",
    "Name_ZH_S": "文莱",
    "Name_EN_S": "BRUNEIDARUSSALAM",
    "Name_ZH_F": "文莱达鲁萨兰国",
    "Name_EN_F": "BruneiDarussalam",
    "Code": 96,
    "Region": "Asia",
    "SubRegion": "South-eastern Asia",
    "IntermediateRegion": "",
    "RegionCode": 142,
    "SubRegionCode": 35,
    "IntermediateRegionCode": null
  },
  {
    "Name": "Bulgaria",
    "Name_ZH_S": "保加利亚",
    "Name_EN_S": "BULGARIA",
    "Name_ZH_F": "保加利亚共和国",
    "Name_EN_F": "RepublicovBulgaria",
    "Code": 100,
    "Region": "Europe",
    "SubRegion": "Eastern Europe",
    "IntermediateRegion": "",
    "RegionCode": 150,
    "SubRegionCode": 151,
    "IntermediateRegionCode": null
  },
  {
    "Name": "Burkina Faso",
    "Name_ZH_S": "布基纳法索",
    "Name_EN_S": "BURKINAFASO",
    "Name_ZH_F": "布基纳法索",
    "Name_EN_F": "BurkinaFaso",
    "Code": 854,
    "Region": "Africa",
    "SubRegion": "Sub-Saharan Africa",
    "IntermediateRegion": "Western Africa",
    "RegionCode": 2,
    "SubRegionCode": 202,
    "IntermediateRegionCode": 11
  },
  {
    "Name": "Burundi",
    "Name_ZH_S": "布隆迪",
    "Name_EN_S": "BURUNDI",
    "Name_ZH_F": "布隆迪共和国",
    "Name_EN_F": "Republic of Burundi",
    "Code": 108,
    "Region": "Africa",
    "SubRegion": "Sub-Saharan Africa",
    "IntermediateRegion": "Eastern Africa",
    "RegionCode": 2,
    "SubRegionCode": 202,
    "IntermediateRegionCode": 14
  },
  {
    "Name": "Cabo Verde",
    "Name_ZH_S": "佛得角",
    "Name_EN_S": "CAPEVERDE",
    "Name_ZH_F": "佛得角共和国",
    "Name_EN_F": "Republic of CapeVerde",
    "Code": 132,
    "Region": "Africa",
    "SubRegion": "Sub-Saharan Africa",
    "IntermediateRegion": "Western Africa",
    "RegionCode": 2,
    "SubRegionCode": 202,
    "IntermediateRegionCode": 11
  },
  {
    "Name": "Cambodia",
    "Name_ZH_S": "柬埔塞",
    "Name_EN_S": "CAMBODTA",
    "Name_ZH_F": "柬埔塞王国",
    "Name_EN_F": "Kingdom of Cambodia",
    "Code": 116,
    "Region": "Asia",
    "SubRegion": "South-eastern Asia",
    "IntermediateRegion": "",
    "RegionCode": 142,
    "SubRegionCode": 35,
    "IntermediateRegionCode": null
  },
  {
    "Name": "Cameroon",
    "Name_ZH_S": "喀麦隆",
    "Name_EN_S": "CAMEROON",
    "Name_ZH_F": "喀麦隆共和国",
    "Name_EN_F": "Republic of Cameroon",
    "Code": 120,
    "Region": "Africa",
    "SubRegion": "Sub-Saharan Africa",
    "IntermediateRegion": "Middle Africa",
    "RegionCode": 2,
    "SubRegionCode": 202,
    "IntermediateRegionCode": 17
  },
  {
    "Name": "Canada",
    "Name_ZH_S": "加拿大",
    "Name_EN_S": "CANADA",
    "Name_ZH_F": "加拿大",
    "Name_EN_F": "Canada",
    "Code": 124,
    "Region": "Americas",
    "SubRegion": "Northern America",
    "IntermediateRegion": "",
    "RegionCode": 19,
    "SubRegionCode": 21,
    "IntermediateRegionCode": null
  },
  {
    "Name": "Cayman Islands",
    "Name_ZH_S": "开曼群岛",
    "Name_EN_S": "CAYMANISLANDS",
    "Name_ZH_F": "开曼群岛",
    "Name_EN_F": "CaymanIslands",
    "Code": 136,
    "Region": "Americas",
    "SubRegion": "Latin America and the Caribbean",
    "IntermediateRegion": "Caribbean",
    "RegionCode": 19,
    "SubRegionCode": 419,
    "IntermediateRegionCode": 29
  },
  {
    "Name": "Central African Republic",
    "Name_ZH_S": "中非",
    "Name_EN_S": "CENTRALAFRICA",
    "Name_ZH_F": "中非共和国",
    "Name_EN_F": "CentralAfricanRepublic",
    "Code": 140,
    "Region": "Africa",
    "SubRegion": "Sub-Saharan Africa",
    "IntermediateRegion": "Middle Africa",
    "RegionCode": 2,
    "SubRegionCode": 202,
    "IntermediateRegionCode": 17
  },
  {
    "Name": "Chad",
    "Name_ZH_S": "乍得",
    "Name_EN_S": "CHAD",
    "Name_ZH_F": "乍得共和国",
    "Name_EN_F": "Republic of Chad",
    "Code": 148,
    "Region": "Africa",
    "SubRegion": "Sub-Saharan Africa",
    "IntermediateRegion": "Middle Africa",
    "RegionCode": 2,
    "SubRegionCode": 202,
    "IntermediateRegionCode": 17
  },
  {
    "Name": "Chile",
    "Name_ZH_S": "智利",
    "Name_EN_S": "CHILE",
    "Name_ZH_F": "智利共和国",
    "Name_EN_F": "Republic of Chile",
    "Code": 152,
    "Region": "Americas",
    "SubRegion": "Latin America and the Caribbean",
    "IntermediateRegion": "South America",
    "RegionCode": 19,
    "SubRegionCode": 419,
    "IntermediateRegionCode": 5
  },
  {
    "Name": "China",
    "Name_ZH_S": "中国",
    "Name_EN_S": "CHINA",
    "Name_ZH_F": "中华人民共和国People’sRepublicof",
    "Name_EN_F": "China",
    "Code": 156,
    "Region": "Asia",
    "SubRegion": "Eastern Asia",
    "IntermediateRegion": "",
    "RegionCode": 142,
    "SubRegionCode": 30,
    "IntermediateRegionCode": null
  },
  {
    "Name": "Christmas Island",
    "Name_ZH_S": "圣诞岛",
    "Name_EN_S": "CHRISTMASISLAND",
    "Name_ZH_F": "圣诞岛",
    "Name_EN_F": "ChristmasIsland",
    "Code": 162,
    "Region": "Oceania",
    "SubRegion": "Australia and New Zealand",
    "IntermediateRegion": "",
    "RegionCode": 9,
    "SubRegionCode": 53,
    "IntermediateRegionCode": null
  },
  {
    "Name": "Cocos (Keeling) Islands",
    "Name_ZH_S": "科科斯(基林)群岛",
    "Name_EN_S": "COCOS(KEELING)ISLANDS",
    "Name_ZH_F": "科科斯(基林)群岛",
    "Name_EN_F": "Cocos(Keeling)Islands",
    "Code": 166,
    "Region": "Oceania",
    "SubRegion": "Australia and New Zealand",
    "IntermediateRegion": "",
    "RegionCode": 9,
    "SubRegionCode": 53,
    "IntermediateRegionCode": null
  },
  {
    "Name": "Colombia",
    "Name_ZH_S": "哥伦比亚",
    "Name_EN_S": "COLOMBIA",
    "Name_ZH_F": "哥伦比亚共和国",
    "Name_EN_F": "Republic of Colombia",
    "Code": 170,
    "Region": "Americas",
    "SubRegion": "Latin America and the Caribbean",
    "IntermediateRegion": "South America",
    "RegionCode": 19,
    "SubRegionCode": 419,
    "IntermediateRegionCode": 5
  },
  {
    "Name": "Comoros",
    "Name_ZH_S": "科摩罗",
    "Name_EN_S": "COMOROS",
    "Name_ZH_F": "科摩罗伊斯兰联邦共和国",
    "Name_EN_F": "FederalIslamic",
    "Code": 174,
    "Region": "Africa",
    "SubRegion": "Sub-Saharan Africa",
    "IntermediateRegion": "Eastern Africa",
    "RegionCode": 2,
    "SubRegionCode": 202,
    "IntermediateRegionCode": 14
  },
  {
    "Name": "Congo",
    "Name_ZH_S": "刚果(布)",
    "Name_EN_S": "CONGO",
    "Name_ZH_F": "刚果共和国",
    "Name_EN_F": "Republic of Congo",
    "Code": 178,
    "Region": "Africa",
    "SubRegion": "Sub-Saharan Africa",
    "IntermediateRegion": "Middle Africa",
    "RegionCode": 2,
    "SubRegionCode": 202,
    "IntermediateRegionCode": 17
  },
  {
    "Name": "Congo, Democratic Republic of the",
    "Name_ZH_S": "刚果(金)",
    "Name_EN_S": "CONGOTHEDEMOCRATICREPUBLIC of THE",
    "Name_ZH_F": "刚果民主共和国",
    "Name_EN_F": "DemocraticRepublicofCongo",
    "Code": 180,
    "Region": "Africa",
    "SubRegion": "Sub-Saharan Africa",
    "IntermediateRegion": "Middle Africa",
    "RegionCode": 2,
    "SubRegionCode": 202,
    "IntermediateRegionCode": 17
  },
  {
    "Name": "Cook Islands",
    "Name_ZH_S": "库克群岛",
    "Name_EN_S": "COOKISLANDS",
    "Name_ZH_F": "库克群岛",
    "Name_EN_F": "CookIslands",
    "Code": 184,
    "Region": "Oceania",
    "SubRegion": "Polynesia",
    "IntermediateRegion": "",
    "RegionCode": 9,
    "SubRegionCode": 61,
    "IntermediateRegionCode": null
  },
  {
    "Name": "Costa Rica",
    "Name_ZH_S": "哥斯达黎加",
    "Name_EN_S": "COSTARICA",
    "Name_ZH_F": "哥斯达黎加共和国",
    "Name_EN_F": "Republic of CostaRica",
    "Code": 188,
    "Region": "Americas",
    "SubRegion": "Latin America and the Caribbean",
    "IntermediateRegion": "Central America",
    "RegionCode": 19,
    "SubRegionCode": 419,
    "IntermediateRegionCode": 13
  },
  {
    "Name": "Côte d'Ivoire",
    "Name_ZH_S": "科特迪瓦",
    "Name_EN_S": "COTED’IVOIRE",
    "Name_ZH_F": "科特迪瓦共和国",
    "Name_EN_F": "Republic of CotedIvire",
    "Code": 384,
    "Region": "Africa",
    "SubRegion": "Sub-Saharan Africa",
    "IntermediateRegion": "Western Africa",
    "RegionCode": 2,
    "SubRegionCode": 202,
    "IntermediateRegionCode": 11
  },
  {
    "Name": "Croatia",
    "Name_ZH_S": "克罗地亚",
    "Name_EN_S": "CROATIA",
    "Name_ZH_F": "克罗地亚共和国",
    "Name_EN_F": "Republic of Croatia",
    "Code": 191,
    "Region": "Europe",
    "SubRegion": "Southern Europe",
    "IntermediateRegion": "",
    "RegionCode": 150,
    "SubRegionCode": 39,
    "IntermediateRegionCode": null
  },
  {
    "Name": "Cuba",
    "Name_ZH_S": "古田",
    "Name_EN_S": "CUBA",
    "Name_ZH_F": "古巴共和国",
    "Name_EN_F": "Republic of Cuba",
    "Code": 192,
    "Region": "Americas",
    "SubRegion": "Latin America and the Caribbean",
    "IntermediateRegion": "Caribbean",
    "RegionCode": 19,
    "SubRegionCode": 419,
    "IntermediateRegionCode": 29
  },
  {
    "Name": "Curaçao",
    "Name_ZH_S": null,
    "Name_EN_S": null,
    "Name_ZH_F": null,
    "Name_EN_F": null,
    "Code": 531,
    "Region": "Americas",
    "SubRegion": "Latin America and the Caribbean",
    "IntermediateRegion": "Caribbean",
    "RegionCode": 19,
    "SubRegionCode": 419,
    "IntermediateRegionCode": 29
  },
  {
    "Name": "Cyprus",
    "Name_ZH_S": "塞浦路斯",
    "Name_EN_S": "CYPRUS",
    "Name_ZH_F": "塞浦路斯共和国",
    "Name_EN_F": "Republic of Cyprus",
    "Code": 196,
    "Region": "Asia",
    "SubRegion": "Western Asia",
    "IntermediateRegion": "",
    "RegionCode": 142,
    "SubRegionCode": 145,
    "IntermediateRegionCode": null
  },
  {
    "Name": "Czechia",
    "Name_ZH_S": "捷克",
    "Name_EN_S": "CZECHREPOUBLIC",
    "Name_ZH_F": "捷克共和国",
    "Name_EN_F": "CzechRepublic",
    "Code": 203,
    "Region": "Europe",
    "SubRegion": "Eastern Europe",
    "IntermediateRegion": "",
    "RegionCode": 150,
    "SubRegionCode": 151,
    "IntermediateRegionCode": null
  },
  {
    "Name": "Denmark",
    "Name_ZH_S": "丹麦",
    "Name_EN_S": "DENMARK",
    "Name_ZH_F": "丹麦王国",
    "Name_EN_F": "Kingdom of Denmark",
    "Code": 208,
    "Region": "Europe",
    "SubRegion": "Northern Europe",
    "IntermediateRegion": "",
    "RegionCode": 150,
    "SubRegionCode": 154,
    "IntermediateRegionCode": null
  },
  {
    "Name": "Djibouti",
    "Name_ZH_S": "吉布提",
    "Name_EN_S": "DJIBOUTI",
    "Name_ZH_F": "吉布提共和国",
    "Name_EN_F": "Republic of Djibouti",
    "Code": 262,
    "Region": "Africa",
    "SubRegion": "Sub-Saharan Africa",
    "IntermediateRegion": "Eastern Africa",
    "RegionCode": 2,
    "SubRegionCode": 202,
    "IntermediateRegionCode": 14
  },
  {
    "Name": "Dominica",
    "Name_ZH_S": "多米尼克",
    "Name_EN_S": "DOMINICA",
    "Name_ZH_F": "多米尼克联邦",
    "Name_EN_F": "Commonwealth of Dominica",
    "Code": 212,
    "Region": "Americas",
    "SubRegion": "Latin America and the Caribbean",
    "IntermediateRegion": "Caribbean",
    "RegionCode": 19,
    "SubRegionCode": 419,
    "IntermediateRegionCode": 29
  },
  {
    "Name": "Dominican Republic",
    "Name_ZH_S": "多米尼加共和国",
    "Name_EN_S": "DOMINICANREPUBLIC",
    "Name_ZH_F": "多米尼加共和国",
    "Name_EN_F": "Dominican",
    "Code": 214,
    "Region": "Americas",
    "SubRegion": "Latin America and the Caribbean",
    "IntermediateRegion": "Caribbean",
    "RegionCode": 19,
    "SubRegionCode": 419,
    "IntermediateRegionCode": 29
  },
  {
    "Name": "Ecuador",
    "Name_ZH_S": "厄瓜多尔",
    "Name_EN_S": "ECUADOR",
    "Name_ZH_F": "厄瓜多尔共和国",
    "Name_EN_F": "Republic of Ecuador",
    "Code": 218,
    "Region": "Americas",
    "SubRegion": "Latin America and the Caribbean",
    "IntermediateRegion": "South America",
    "RegionCode": 19,
    "SubRegionCode": 419,
    "IntermediateRegionCode": 5
  },
  {
    "Name": "Egypt",
    "Name_ZH_S": "埃及",
    "Name_EN_S": "EGYPT",
    "Name_ZH_F": "阿拉伯埃及共和国Arab",
    "Name_EN_F": "Republic of Egypt",
    "Code": 818,
    "Region": "Africa",
    "SubRegion": "Northern Africa",
    "IntermediateRegion": "",
    "RegionCode": 2,
    "SubRegionCode": 15,
    "IntermediateRegionCode": null
  },
  {
    "Name": "El Salvador",
    "Name_ZH_S": "萨尔瓦多",
    "Name_EN_S": "ELSALVADOR",
    "Name_ZH_F": "萨尔瓦多共和国",
    "Name_EN_F": "Republic of ElSalvador",
    "Code": 222,
    "Region": "Americas",
    "SubRegion": "Latin America and the Caribbean",
    "IntermediateRegion": "Central America",
    "RegionCode": 19,
    "SubRegionCode": 419,
    "IntermediateRegionCode": 13
  },
  {
    "Name": "Equatorial Guinea",
    "Name_ZH_S": "赤道几内亚",
    "Name_EN_S": "EQUATORIALGUINEA",
    "Name_ZH_F": "赤道几内亚共和国",
    "Name_EN_F": "Republic of EouatorialGuinea",
    "Code": 226,
    "Region": "Africa",
    "SubRegion": "Sub-Saharan Africa",
    "IntermediateRegion": "Middle Africa",
    "RegionCode": 2,
    "SubRegionCode": 202,
    "IntermediateRegionCode": 17
  },
  {
    "Name": "Eritrea",
    "Name_ZH_S": "厄立特里亚",
    "Name_EN_S": "ERITREA",
    "Name_ZH_F": "厄立特里亚国",
    "Name_EN_F": "State of Eritrea",
    "Code": 232,
    "Region": "Africa",
    "SubRegion": "Sub-Saharan Africa",
    "IntermediateRegion": "Eastern Africa",
    "RegionCode": 2,
    "SubRegionCode": 202,
    "IntermediateRegionCode": 14
  },
  {
    "Name": "Estonia",
    "Name_ZH_S": "爱沙尼亚",
    "Name_EN_S": "ESTONIA",
    "Name_ZH_F": "爱沙尼亚共和国",
    "Name_EN_F": "Republic of Estonia",
    "Code": 233,
    "Region": "Europe",
    "SubRegion": "Northern Europe",
    "IntermediateRegion": "",
    "RegionCode": 150,
    "SubRegionCode": 154,
    "IntermediateRegionCode": null
  },
  {
    "Name": "Eswatini",
    "Name_ZH_S": "斯威士兰",
    "Name_EN_S": "SWAZILAND",
    "Name_ZH_F": "斯威士兰王国",
    "Name_EN_F": "Kingdom of Swaziland",
    "Code": 748,
    "Region": "Africa",
    "SubRegion": "Sub-Saharan Africa",
    "IntermediateRegion": "Southern Africa",
    "RegionCode": 2,
    "SubRegionCode": 202,
    "IntermediateRegionCode": 18
  },
  {
    "Name": "Ethiopia",
    "Name_ZH_S": "埃寒俄比亚",
    "Name_EN_S": "ETHIOPIA",
    "Name_ZH_F": "埃寒俄比亚",
    "Name_EN_F": "Ethiopia",
    "Code": 231,
    "Region": "Africa",
    "SubRegion": "Sub-Saharan Africa",
    "IntermediateRegion": "Eastern Africa",
    "RegionCode": 2,
    "SubRegionCode": 202,
    "IntermediateRegionCode": 14
  },
  {
    "Name": "Falkland Islands (Malvinas)",
    "Name_ZH_S": "福克兰群岛(马尔维纳斯)",
    "Name_EN_S": "FALKLANDISLANDS(MALVINAS)",
    "Name_ZH_F": "福克兰群岛(马尔维纳斯)",
    "Name_EN_F": "FalklandIslandsMalvinas",
    "Code": 238,
    "Region": "Americas",
    "SubRegion": "Latin America and the Caribbean",
    "IntermediateRegion": "South America",
    "RegionCode": 19,
    "SubRegionCode": 419,
    "IntermediateRegionCode": 5
  },
  {
    "Name": "Faroe Islands",
    "Name_ZH_S": "法罗群岛",
    "Name_EN_S": "FAROEISLANDS",
    "Name_ZH_F": "法罗群岛",
    "Name_EN_F": "FaroeIslands",
    "Code": 234,
    "Region": "Europe",
    "SubRegion": "Northern Europe",
    "IntermediateRegion": "",
    "RegionCode": 150,
    "SubRegionCode": 154,
    "IntermediateRegionCode": null
  },
  {
    "Name": "Fiji",
    "Name_ZH_S": "斐济",
    "Name_EN_S": "FITI",
    "Name_ZH_F": "裴济共和国",
    "Name_EN_F": "Republic of Fiii",
    "Code": 242,
    "Region": "Oceania",
    "SubRegion": "Melanesia",
    "IntermediateRegion": "",
    "RegionCode": 9,
    "SubRegionCode": 54,
    "IntermediateRegionCode": null
  },
  {
    "Name": "Finland",
    "Name_ZH_S": "芬兰",
    "Name_EN_S": "FINLAND",
    "Name_ZH_F": "芬兰共和国",
    "Name_EN_F": "Republic of Finland",
    "Code": 246,
    "Region": "Europe",
    "SubRegion": "Northern Europe",
    "IntermediateRegion": "",
    "RegionCode": 150,
    "SubRegionCode": 154,
    "IntermediateRegionCode": null
  },
  {
    "Name": "France",
    "Name_ZH_S": "法国",
    "Name_EN_S": "FRANCE",
    "Name_ZH_F": "法兰西共和国",
    "Name_EN_F": "FrenchRepublic",
    "Code": 250,
    "Region": "Europe",
    "SubRegion": "Western Europe",
    "IntermediateRegion": "",
    "RegionCode": 150,
    "SubRegionCode": 155,
    "IntermediateRegionCode": null
  },
  {
    "Name": "French Guiana",
    "Name_ZH_S": "法属圭亚那",
    "Name_EN_S": "FRENCHGUIANA",
    "Name_ZH_F": "法属圭亚那",
    "Name_EN_F": "FrenchGuiana",
    "Code": 254,
    "Region": "Americas",
    "SubRegion": "Latin America and the Caribbean",
    "IntermediateRegion": "South America",
    "RegionCode": 19,
    "SubRegionCode": 419,
    "IntermediateRegionCode": 5
  },
  {
    "Name": "French Polynesia",
    "Name_ZH_S": "法属波利尼西亚",
    "Name_EN_S": "FRENCHPOLYNESIA",
    "Name_ZH_F": "法属波利尼西亚",
    "Name_EN_F": "FrenchPolynesia",
    "Code": 258,
    "Region": "Oceania",
    "SubRegion": "Polynesia",
    "IntermediateRegion": "",
    "RegionCode": 9,
    "SubRegionCode": 61,
    "IntermediateRegionCode": null
  },
  {
    "Name": "French Southern Territories",
    "Name_ZH_S": "法属南部领土",
    "Name_EN_S": "FRENCHSOUTHERNTERRITO-RIES",
    "Name_ZH_F": "法属南部领土",
    "Name_EN_F": "FrenchSouthernTerritories",
    "Code": 260,
    "Region": "Africa",
    "SubRegion": "Sub-Saharan Africa",
    "IntermediateRegion": "Eastern Africa",
    "RegionCode": 2,
    "SubRegionCode": 202,
    "IntermediateRegionCode": 14
  },
  {
    "Name": "Gabon",
    "Name_ZH_S": "加蓬",
    "Name_EN_S": "GABON",
    "Name_ZH_F": "加蓬共和国",
    "Name_EN_F": "GaboneseRenublic",
    "Code": 266,
    "Region": "Africa",
    "SubRegion": "Sub-Saharan Africa",
    "IntermediateRegion": "Middle Africa",
    "RegionCode": 2,
    "SubRegionCode": 202,
    "IntermediateRegionCode": 17
  },
  {
    "Name": "Gambia",
    "Name_ZH_S": "冈比亚Gambia",
    "Name_EN_S": "",
    "Name_ZH_F": "冈比亚共和国",
    "Name_EN_F": "Republic of Gambia",
    "Code": 270,
    "Region": "Africa",
    "SubRegion": "Sub-Saharan Africa",
    "IntermediateRegion": "Western Africa",
    "RegionCode": 2,
    "SubRegionCode": 202,
    "IntermediateRegionCode": 11
  },
  {
    "Name": "Georgia",
    "Name_ZH_S": "格鲁吉亚",
    "Name_EN_S": "GEORGIA",
    "Name_ZH_F": "格鲁吉亚共和国",
    "Name_EN_F": "Republic of Georgia",
    "Code": 268,
    "Region": "Asia",
    "SubRegion": "Western Asia",
    "IntermediateRegion": "",
    "RegionCode": 142,
    "SubRegionCode": 145,
    "IntermediateRegionCode": null
  },
  {
    "Name": "Germany",
    "Name_ZH_S": "德国",
    "Name_EN_S": "GERMANY",
    "Name_ZH_F": "德意志联邦共和国",
    "Name_EN_F": "FederalRepublicof",
    "Code": 276,
    "Region": "Europe",
    "SubRegion": "Western Europe",
    "IntermediateRegion": "",
    "RegionCode": 150,
    "SubRegionCode": 155,
    "IntermediateRegionCode": null
  },
  {
    "Name": "Ghana",
    "Name_ZH_S": "加纳",
    "Name_EN_S": "GHANA",
    "Name_ZH_F": "加纳共和国",
    "Name_EN_F": "Republic of Ghana",
    "Code": 288,
    "Region": "Africa",
    "SubRegion": "Sub-Saharan Africa",
    "IntermediateRegion": "Western Africa",
    "RegionCode": 2,
    "SubRegionCode": 202,
    "IntermediateRegionCode": 11
  },
  {
    "Name": "Gibraltar",
    "Name_ZH_S": "直布罗陀",
    "Name_EN_S": "GIBRALTAR",
    "Name_ZH_F": "直布罗陀",
    "Name_EN_F": "Gibraltar",
    "Code": 292,
    "Region": "Europe",
    "SubRegion": "Southern Europe",
    "IntermediateRegion": "",
    "RegionCode": 150,
    "SubRegionCode": 39,
    "IntermediateRegionCode": null
  },
  {
    "Name": "Greece",
    "Name_ZH_S": "希腊",
    "Name_EN_S": "GREECE",
    "Name_ZH_F": "希腊共和国",
    "Name_EN_F": "HellenicRepublic",
    "Code": 300,
    "Region": "Europe",
    "SubRegion": "Southern Europe",
    "IntermediateRegion": "",
    "RegionCode": 150,
    "SubRegionCode": 39,
    "IntermediateRegionCode": null
  },
  {
    "Name": "Greenland",
    "Name_ZH_S": "格陵兰",
    "Name_EN_S": "GREENLAND",
    "Name_ZH_F": "格陵兰",
    "Name_EN_F": "Greenland",
    "Code": 304,
    "Region": "Americas",
    "SubRegion": "Northern America",
    "IntermediateRegion": "",
    "RegionCode": 19,
    "SubRegionCode": 21,
    "IntermediateRegionCode": null
  },
  {
    "Name": "Grenada",
    "Name_ZH_S": "格林纳达",
    "Name_EN_S": "GRENADA",
    "Name_ZH_F": "格林纳达",
    "Name_EN_F": "Grenada",
    "Code": 308,
    "Region": "Americas",
    "SubRegion": "Latin America and the Caribbean",
    "IntermediateRegion": "Caribbean",
    "RegionCode": 19,
    "SubRegionCode": 419,
    "IntermediateRegionCode": 29
  },
  {
    "Name": "Guadeloupe",
    "Name_ZH_S": "瓜德罗普",
    "Name_EN_S": "GUADELOUPE",
    "Name_ZH_F": "瓜德罗普",
    "Name_EN_F": "Guadeloupe",
    "Code": 312,
    "Region": "Americas",
    "SubRegion": "Latin America and the Caribbean",
    "IntermediateRegion": "Caribbean",
    "RegionCode": 19,
    "SubRegionCode": 419,
    "IntermediateRegionCode": 29
  },
  {
    "Name": "Guam",
    "Name_ZH_S": "关岛",
    "Name_EN_S": "GUAM",
    "Name_ZH_F": "关岛",
    "Name_EN_F": "Guam",
    "Code": 316,
    "Region": "Oceania",
    "SubRegion": "Micronesia",
    "IntermediateRegion": "",
    "RegionCode": 9,
    "SubRegionCode": 57,
    "IntermediateRegionCode": null
  },
  {
    "Name": "Guatemala",
    "Name_ZH_S": "危地马拉",
    "Name_EN_S": "GUATEMALA",
    "Name_ZH_F": "危地马拉共和国",
    "Name_EN_F": "Republic of Guatemala",
    "Code": 320,
    "Region": "Americas",
    "SubRegion": "Latin America and the Caribbean",
    "IntermediateRegion": "Central America",
    "RegionCode": 19,
    "SubRegionCode": 419,
    "IntermediateRegionCode": 13
  },
  {
    "Name": "Guernsey",
    "Name_ZH_S": null,
    "Name_EN_S": null,
    "Name_ZH_F": null,
    "Name_EN_F": null,
    "Code": 831,
    "Region": "Europe",
    "SubRegion": "Northern Europe",
    "IntermediateRegion": "Channel Islands",
    "RegionCode": 150,
    "SubRegionCode": 154,
    "IntermediateRegionCode": 830
  },
  {
    "Name": "Guinea",
    "Name_ZH_S": "几内亚",
    "Name_EN_S": "GUINEA",
    "Name_ZH_F": "几内亚共和国",
    "Name_EN_F": "RenublicofGuinea",
    "Code": 324,
    "Region": "Africa",
    "SubRegion": "Sub-Saharan Africa",
    "IntermediateRegion": "Western Africa",
    "RegionCode": 2,
    "SubRegionCode": 202,
    "IntermediateRegionCode": 11
  },
  {
    "Name": "Guinea-Bissau",
    "Name_ZH_S": "几内亚比绍",
    "Name_EN_S": "GUINE-BISSAU",
    "Name_ZH_F": "几内亚比绍共和国",
    "Name_EN_F": "Republic of Guine-bissa",
    "Code": 624,
    "Region": "Africa",
    "SubRegion": "Sub-Saharan Africa",
    "IntermediateRegion": "Western Africa",
    "RegionCode": 2,
    "SubRegionCode": 202,
    "IntermediateRegionCode": 11
  },
  {
    "Name": "Guyana",
    "Name_ZH_S": "圭亚那",
    "Name_EN_S": "GUYANA",
    "Name_ZH_F": "丰亚那合作共和国",
    "Name_EN_F": "CooperativeRepublic of Guvana",
    "Code": 328,
    "Region": "Americas",
    "SubRegion": "Latin America and the Caribbean",
    "IntermediateRegion": "South America",
    "RegionCode": 19,
    "SubRegionCode": 419,
    "IntermediateRegionCode": 5
  },
  {
    "Name": "Haiti",
    "Name_ZH_S": "海地",
    "Name_EN_S": "HAITI",
    "Name_ZH_F": "海地世和国",
    "Name_EN_F": "Renmblic of Haiti",
    "Code": 332,
    "Region": "Americas",
    "SubRegion": "Latin America and the Caribbean",
    "IntermediateRegion": "Caribbean",
    "RegionCode": 19,
    "SubRegionCode": 419,
    "IntermediateRegionCode": 29
  },
  {
    "Name": "Heard Island and McDonald Islands",
    "Name_ZH_S": "赫德岛和麦克唐纳岛",
    "Name_EN_S": "HEARDISLANDSANDMCDONALDISLANDS",
    "Name_ZH_F": "赫德岛和麦克唐纳岛",
    "Name_EN_F": "HeardislandsandMcDonaldTslands",
    "Code": 334,
    "Region": "Oceania",
    "SubRegion": "Australia and New Zealand",
    "IntermediateRegion": "",
    "RegionCode": 9,
    "SubRegionCode": 53,
    "IntermediateRegionCode": null
  },
  {
    "Name": "Holy See",
    "Name_ZH_S": "梦蒂冈",
    "Name_EN_S": "VATICAN",
    "Name_ZH_F": "梵蒂冈城国",
    "Name_EN_F": "VaticanCityState",
    "Code": 336,
    "Region": "Europe",
    "SubRegion": "Southern Europe",
    "IntermediateRegion": "",
    "RegionCode": 150,
    "SubRegionCode": 39,
    "IntermediateRegionCode": null
  },
  {
    "Name": "Honduras",
    "Name_ZH_S": "洪都拉斯",
    "Name_EN_S": "HONDURAS",
    "Name_ZH_F": "洪都拉斯共和国",
    "Name_EN_F": "Republic of honduras",
    "Code": 340,
    "Region": "Americas",
    "SubRegion": "Latin America and the Caribbean",
    "IntermediateRegion": "Central America",
    "RegionCode": 19,
    "SubRegionCode": 419,
    "IntermediateRegionCode": 13
  },
  {
    "Name": "Hong Kong",
    "Name_ZH_S": "香港",
    "Name_EN_S": "HONGKONG",
    "Name_ZH_F": "香港",
    "Name_EN_F": "HongKong",
    "Code": 344,
    "Region": "Asia",
    "SubRegion": "Eastern Asia",
    "IntermediateRegion": "",
    "RegionCode": 142,
    "SubRegionCode": 30,
    "IntermediateRegionCode": null
  },
  {
    "Name": "Hungary",
    "Name_ZH_S": "匈牙利",
    "Name_EN_S": "HUNGARY",
    "Name_ZH_F": "匈牙利共和国",
    "Name_EN_F": "Republic of Hungary",
    "Code": 348,
    "Region": "Europe",
    "SubRegion": "Eastern Europe",
    "IntermediateRegion": "",
    "RegionCode": 150,
    "SubRegionCode": 151,
    "IntermediateRegionCode": null
  },
  {
    "Name": "Iceland",
    "Name_ZH_S": "冰岛",
    "Name_EN_S": "ICELAND",
    "Name_ZH_F": "冰岛共和国",
    "Name_EN_F": "Republic of Iceland",
    "Code": 352,
    "Region": "Europe",
    "SubRegion": "Northern Europe",
    "IntermediateRegion": "",
    "RegionCode": 150,
    "SubRegionCode": 154,
    "IntermediateRegionCode": null
  },
  {
    "Name": "India",
    "Name_ZH_S": "印度",
    "Name_EN_S": "INDIA",
    "Name_ZH_F": "印度共和国",
    "Name_EN_F": "Republic of India",
    "Code": 356,
    "Region": "Asia",
    "SubRegion": "Southern Asia",
    "IntermediateRegion": "",
    "RegionCode": 142,
    "SubRegionCode": 34,
    "IntermediateRegionCode": null
  },
  {
    "Name": "Indonesia",
    "Name_ZH_S": "印度尼西亚",
    "Name_EN_S": "INDONESIA",
    "Name_ZH_F": "印度尼西亚共和国",
    "Name_EN_F": "Republic of Indonesia",
    "Code": 360,
    "Region": "Asia",
    "SubRegion": "South-eastern Asia",
    "IntermediateRegion": "",
    "RegionCode": 142,
    "SubRegionCode": 35,
    "IntermediateRegionCode": null
  },
  {
    "Name": "Iran (Islamic Republic of)",
    "Name_ZH_S": "伊朗",
    "Name_EN_S": "IRAN",
    "Name_ZH_F": "伊朗伊斯兰共和国",
    "Name_EN_F": "IslamicRupublicofTran",
    "Code": 364,
    "Region": "Asia",
    "SubRegion": "Southern Asia",
    "IntermediateRegion": "",
    "RegionCode": 142,
    "SubRegionCode": 34,
    "IntermediateRegionCode": null
  },
  {
    "Name": "Iraq",
    "Name_ZH_S": "伊拉克",
    "Name_EN_S": "IRAQ",
    "Name_ZH_F": "伊拉克共和国",
    "Name_EN_F": "Republic of Irag",
    "Code": 368,
    "Region": "Asia",
    "SubRegion": "Western Asia",
    "IntermediateRegion": "",
    "RegionCode": 142,
    "SubRegionCode": 145,
    "IntermediateRegionCode": null
  },
  {
    "Name": "Ireland",
    "Name_ZH_S": "爱尔兰",
    "Name_EN_S": "IRELAND",
    "Name_ZH_F": "爱尔兰",
    "Name_EN_F": "Ireland",
    "Code": 372,
    "Region": "Europe",
    "SubRegion": "Northern Europe",
    "IntermediateRegion": "",
    "RegionCode": 150,
    "SubRegionCode": 154,
    "IntermediateRegionCode": null
  },
  {
    "Name": "Isle of Man",
    "Name_ZH_S": null,
    "Name_EN_S": null,
    "Name_ZH_F": null,
    "Name_EN_F": null,
    "Code": 833,
    "Region": "Europe",
    "SubRegion": "Northern Europe",
    "IntermediateRegion": "",
    "RegionCode": 150,
    "SubRegionCode": 154,
    "IntermediateRegionCode": null
  },
  {
    "Name": "Israel",
    "Name_ZH_S": "以色列",
    "Name_EN_S": "ISRAEL",
    "Name_ZH_F": "以色列国",
    "Name_EN_F": "State of Israel",
    "Code": 376,
    "Region": "Asia",
    "SubRegion": "Western Asia",
    "IntermediateRegion": "",
    "RegionCode": 142,
    "SubRegionCode": 145,
    "IntermediateRegionCode": null
  },
  {
    "Name": "Italy",
    "Name_ZH_S": "意大利",
    "Name_EN_S": "ITALY",
    "Name_ZH_F": "意大利共和国",
    "Name_EN_F": "Republic of Italv",
    "Code": 380,
    "Region": "Europe",
    "SubRegion": "Southern Europe",
    "IntermediateRegion": "",
    "RegionCode": 150,
    "SubRegionCode": 39,
    "IntermediateRegionCode": null
  },
  {
    "Name": "Jamaica",
    "Name_ZH_S": "牙买加",
    "Name_EN_S": "JAMAICA",
    "Name_ZH_F": "牙买加",
    "Name_EN_F": "Tamaica",
    "Code": 388,
    "Region": "Americas",
    "SubRegion": "Latin America and the Caribbean",
    "IntermediateRegion": "Caribbean",
    "RegionCode": 19,
    "SubRegionCode": 419,
    "IntermediateRegionCode": 29
  },
  {
    "Name": "Japan",
    "Name_ZH_S": "日本",
    "Name_EN_S": "TAPAN",
    "Name_ZH_F": "日本国",
    "Name_EN_F": "Japan",
    "Code": 392,
    "Region": "Asia",
    "SubRegion": "Eastern Asia",
    "IntermediateRegion": "",
    "RegionCode": 142,
    "SubRegionCode": 30,
    "IntermediateRegionCode": null
  },
  {
    "Name": "Jersey",
    "Name_ZH_S": null,
    "Name_EN_S": null,
    "Name_ZH_F": null,
    "Name_EN_F": null,
    "Code": 832,
    "Region": "Europe",
    "SubRegion": "Northern Europe",
    "IntermediateRegion": "Channel Islands",
    "RegionCode": 150,
    "SubRegionCode": 154,
    "IntermediateRegionCode": 830
  },
  {
    "Name": "Jordan",
    "Name_ZH_S": "约旦",
    "Name_EN_S": "JORDAN",
    "Name_ZH_F": "约旦哈希姆王国",
    "Name_EN_F": "HashemiteKingdomofTordan",
    "Code": 400,
    "Region": "Asia",
    "SubRegion": "Western Asia",
    "IntermediateRegion": "",
    "RegionCode": 142,
    "SubRegionCode": 145,
    "IntermediateRegionCode": null
  },
  {
    "Name": "Kazakhstan",
    "Name_ZH_S": "哈萨克斯坦",
    "Name_EN_S": "KAZAKHSTAN",
    "Name_ZH_F": "哈萨克斯坦共和国",
    "Name_EN_F": "Republic of Kazakhstan",
    "Code": 398,
    "Region": "Asia",
    "SubRegion": "Central Asia",
    "IntermediateRegion": "",
    "RegionCode": 142,
    "SubRegionCode": 143,
    "IntermediateRegionCode": null
  },
  {
    "Name": "Kenya",
    "Name_ZH_S": "肯尼亚",
    "Name_EN_S": "KENYA",
    "Name_ZH_F": "肯尼亚共和国",
    "Name_EN_F": "Republic of Kenya",
    "Code": 404,
    "Region": "Africa",
    "SubRegion": "Sub-Saharan Africa",
    "IntermediateRegion": "Eastern Africa",
    "RegionCode": 2,
    "SubRegionCode": 202,
    "IntermediateRegionCode": 14
  },
  {
    "Name": "Kiribati",
    "Name_ZH_S": "基里巴斯",
    "Name_EN_S": "KIRIBATI",
    "Name_ZH_F": "基里巴斯共和国",
    "Name_EN_F": "Republic of Kiribati",
    "Code": 296,
    "Region": "Oceania",
    "SubRegion": "Micronesia",
    "IntermediateRegion": "",
    "RegionCode": 9,
    "SubRegionCode": 57,
    "IntermediateRegionCode": null
  },
  {
    "Name": "Korea (Democratic People's Republic of)",
    "Name_ZH_S": "朝鲜",
    "Name_EN_S": "KOREADEMOCRATICPEOPLE’SREPUBLIC of",
    "Name_ZH_F": "朝鲜民主主义人民共和国",
    "Name_EN_F": "DemocraticPeople’sRepublic of Ko-rea",
    "Code": 408,
    "Region": "Asia",
    "SubRegion": "Eastern Asia",
    "IntermediateRegion": "",
    "RegionCode": 142,
    "SubRegionCode": 30,
    "IntermediateRegionCode": null
  },
  {
    "Name": "Korea, Republic of",
    "Name_ZH_S": "韩国",
    "Name_EN_S": "KOREAREPUBLIC of",
    "Name_ZH_F": "大韩民国",
    "Name_EN_F": "Republic of Korea",
    "Code": 410,
    "Region": "Asia",
    "SubRegion": "Eastern Asia",
    "IntermediateRegion": "",
    "RegionCode": 142,
    "SubRegionCode": 30,
    "IntermediateRegionCode": null
  },
  {
    "Name": "Kuwait",
    "Name_ZH_S": "科威特",
    "Name_EN_S": "KUWAIT",
    "Name_ZH_F": "科威特国",
    "Name_EN_F": "State of Kwait",
    "Code": 414,
    "Region": "Asia",
    "SubRegion": "Western Asia",
    "IntermediateRegion": "",
    "RegionCode": 142,
    "SubRegionCode": 145,
    "IntermediateRegionCode": null
  },
  {
    "Name": "Kyrgyzstan",
    "Name_ZH_S": "吉尔吉斯斯坦",
    "Name_EN_S": "KYRGYZSTAN",
    "Name_ZH_F": "吉尔吉斯共和国",
    "Name_EN_F": "KyrgyzRepublic",
    "Code": 417,
    "Region": "Asia",
    "SubRegion": "Central Asia",
    "IntermediateRegion": "",
    "RegionCode": 142,
    "SubRegionCode": 143,
    "IntermediateRegionCode": null
  },
  {
    "Name": "Lao People's Democratic Republic",
    "Name_ZH_S": "老挝",
    "Name_EN_S": "LAOS",
    "Name_ZH_F": "老挝人民民主共和国",
    "Name_EN_F": "Lao",
    "Code": 418,
    "Region": "Asia",
    "SubRegion": "South-eastern Asia",
    "IntermediateRegion": "",
    "RegionCode": 142,
    "SubRegionCode": 35,
    "IntermediateRegionCode": null
  },
  {
    "Name": "Latvia",
    "Name_ZH_S": "拉脱维亚",
    "Name_EN_S": "LATVIA",
    "Name_ZH_F": "拉脱维亚共和国",
    "Name_EN_F": "Republic of Latvia",
    "Code": 428,
    "Region": "Europe",
    "SubRegion": "Northern Europe",
    "IntermediateRegion": "",
    "RegionCode": 150,
    "SubRegionCode": 154,
    "IntermediateRegionCode": null
  },
  {
    "Name": "Lebanon",
    "Name_ZH_S": "黎巴嫩",
    "Name_EN_S": "LEBANON",
    "Name_ZH_F": "黎巴嫩共和国",
    "Name_EN_F": "Republic of Lebanon",
    "Code": 422,
    "Region": "Asia",
    "SubRegion": "Western Asia",
    "IntermediateRegion": "",
    "RegionCode": 142,
    "SubRegionCode": 145,
    "IntermediateRegionCode": null
  },
  {
    "Name": "Lesotho",
    "Name_ZH_S": "莱索托",
    "Name_EN_S": "LESOTHO",
    "Name_ZH_F": "莱索托王国",
    "Name_EN_F": "Kingdom of Lesoto",
    "Code": 426,
    "Region": "Africa",
    "SubRegion": "Sub-Saharan Africa",
    "IntermediateRegion": "Southern Africa",
    "RegionCode": 2,
    "SubRegionCode": 202,
    "IntermediateRegionCode": 18
  },
  {
    "Name": "Liberia",
    "Name_ZH_S": "利比里亚",
    "Name_EN_S": "LIBERIA",
    "Name_ZH_F": "利比里亚共和国",
    "Name_EN_F": "Republic of Liberia",
    "Code": 430,
    "Region": "Africa",
    "SubRegion": "Sub-Saharan Africa",
    "IntermediateRegion": "Western Africa",
    "RegionCode": 2,
    "SubRegionCode": 202,
    "IntermediateRegionCode": 11
  },
  {
    "Name": "Libya",
    "Name_ZH_S": "利比亚",
    "Name_EN_S": "LIBYA",
    "Name_ZH_F": "大阿拉伯利比亚人民社会主义民众国",
    "Name_EN_F": "GreatSocialist",
    "Code": 434,
    "Region": "Africa",
    "SubRegion": "Northern Africa",
    "IntermediateRegion": "",
    "RegionCode": 2,
    "SubRegionCode": 15,
    "IntermediateRegionCode": null
  },
  {
    "Name": "Liechtenstein",
    "Name_ZH_S": "列支敦士登",
    "Name_EN_S": "LIECHTENSTEIN",
    "Name_ZH_F": "列支敦士登公国",
    "Name_EN_F": "Principality of Liechtenstein",
    "Code": 438,
    "Region": "Europe",
    "SubRegion": "Western Europe",
    "IntermediateRegion": "",
    "RegionCode": 150,
    "SubRegionCode": 155,
    "IntermediateRegionCode": null
  },
  {
    "Name": "Lithuania",
    "Name_ZH_S": "立陶宛",
    "Name_EN_S": "LITHUANIA",
    "Name_ZH_F": "立陶宛共和国",
    "Name_EN_F": "Republic of Lithuania",
    "Code": 440,
    "Region": "Europe",
    "SubRegion": "Northern Europe",
    "IntermediateRegion": "",
    "RegionCode": 150,
    "SubRegionCode": 154,
    "IntermediateRegionCode": null
  },
  {
    "Name": "Luxembourg",
    "Name_ZH_S": "卢森堡",
    "Name_EN_S": "LUXEMBOURG",
    "Name_ZH_F": "卢森保大公国",
    "Name_EN_F": "Grand",
    "Code": 442,
    "Region": "Europe",
    "SubRegion": "Western Europe",
    "IntermediateRegion": "",
    "RegionCode": 150,
    "SubRegionCode": 155,
    "IntermediateRegionCode": null
  },
  {
    "Name": "Macao",
    "Name_ZH_S": "澳门",
    "Name_EN_S": "MACAU",
    "Name_ZH_F": "演门",
    "Name_EN_F": "Macau",
    "Code": 446,
    "Region": "Asia",
    "SubRegion": "Eastern Asia",
    "IntermediateRegion": "",
    "RegionCode": 142,
    "SubRegionCode": 30,
    "IntermediateRegionCode": null
  },
  {
    "Name": "Madagascar",
    "Name_ZH_S": "马达加斯加",
    "Name_EN_S": "MADAGASCAR",
    "Name_ZH_F": "马达加斯加共和国",
    "Name_EN_F": "Republic of Madagascar",
    "Code": 450,
    "Region": "Africa",
    "SubRegion": "Sub-Saharan Africa",
    "IntermediateRegion": "Eastern Africa",
    "RegionCode": 2,
    "SubRegionCode": 202,
    "IntermediateRegionCode": 14
  },
  {
    "Name": "Malawi",
    "Name_ZH_S": "马拉维",
    "Name_EN_S": "MALAWI",
    "Name_ZH_F": "马拉维共和国",
    "Name_EN_F": "Republic of Malawi",
    "Code": 454,
    "Region": "Africa",
    "SubRegion": "Sub-Saharan Africa",
    "IntermediateRegion": "Eastern Africa",
    "RegionCode": 2,
    "SubRegionCode": 202,
    "IntermediateRegionCode": 14
  },
  {
    "Name": "Malaysia",
    "Name_ZH_S": "马来西亚",
    "Name_EN_S": "MATAYSTA",
    "Name_ZH_F": "马来西亚",
    "Name_EN_F": "Malaysia",
    "Code": 458,
    "Region": "Asia",
    "SubRegion": "South-eastern Asia",
    "IntermediateRegion": "",
    "RegionCode": 142,
    "SubRegionCode": 35,
    "IntermediateRegionCode": null
  },
  {
    "Name": "Maldives",
    "Name_ZH_S": "马尔代夫",
    "Name_EN_S": "MALDIVES",
    "Name_ZH_F": "马尔代夫共和国",
    "Name_EN_F": "Republic of maldives",
    "Code": 462,
    "Region": "Asia",
    "SubRegion": "Southern Asia",
    "IntermediateRegion": "",
    "RegionCode": 142,
    "SubRegionCode": 34,
    "IntermediateRegionCode": null
  },
  {
    "Name": "Mali",
    "Name_ZH_S": "马里",
    "Name_EN_S": "MALT",
    "Name_ZH_F": "马里共和国",
    "Name_EN_F": "Republic of Mali",
    "Code": 466,
    "Region": "Africa",
    "SubRegion": "Sub-Saharan Africa",
    "IntermediateRegion": "Western Africa",
    "RegionCode": 2,
    "SubRegionCode": 202,
    "IntermediateRegionCode": 11
  },
  {
    "Name": "Malta",
    "Name_ZH_S": "马耳他",
    "Name_EN_S": "MALTA",
    "Name_ZH_F": "马耳他共和国",
    "Name_EN_F": "Republic of Malta",
    "Code": 470,
    "Region": "Europe",
    "SubRegion": "Southern Europe",
    "IntermediateRegion": "",
    "RegionCode": 150,
    "SubRegionCode": 39,
    "IntermediateRegionCode": null
  },
  {
    "Name": "Marshall Islands",
    "Name_ZH_S": "马绍尔群岛",
    "Name_EN_S": "MARSHALLISLANDS",
    "Name_ZH_F": "马绍尔群岛共和国",
    "Name_EN_F": "Republic of themarsha11Tslands",
    "Code": 584,
    "Region": "Oceania",
    "SubRegion": "Micronesia",
    "IntermediateRegion": "",
    "RegionCode": 9,
    "SubRegionCode": 57,
    "IntermediateRegionCode": null
  },
  {
    "Name": "Martinique",
    "Name_ZH_S": "马提尼克",
    "Name_EN_S": "MARTINIQUE",
    "Name_ZH_F": "马提尼克",
    "Name_EN_F": "Martinique",
    "Code": 474,
    "Region": "Americas",
    "SubRegion": "Latin America and the Caribbean",
    "IntermediateRegion": "Caribbean",
    "RegionCode": 19,
    "SubRegionCode": 419,
    "IntermediateRegionCode": 29
  },
  {
    "Name": "Mauritania",
    "Name_ZH_S": "毛里塔尼亚",
    "Name_EN_S": "MAURITANIA",
    "Name_ZH_F": "毛里求斯共和国",
    "Name_EN_F": "RepublicofMauritius",
    "Code": 478,
    "Region": "Africa",
    "SubRegion": "Sub-Saharan Africa",
    "IntermediateRegion": "Western Africa",
    "RegionCode": 2,
    "SubRegionCode": 202,
    "IntermediateRegionCode": 11
  },
  {
    "Name": "Mauritius",
    "Name_ZH_S": "毛里求斯",
    "Name_EN_S": "MAURITIUS",
    "Name_ZH_F": "毛里求斯共和国",
    "Name_EN_F": "Republic of Mauritius",
    "Code": 480,
    "Region": "Africa",
    "SubRegion": "Sub-Saharan Africa",
    "IntermediateRegion": "Eastern Africa",
    "RegionCode": 2,
    "SubRegionCode": 202,
    "IntermediateRegionCode": 14
  },
  {
    "Name": "Mayotte",
    "Name_ZH_S": "马约特",
    "Name_EN_S": "MAYOTTE",
    "Name_ZH_F": "马约特",
    "Name_EN_F": "Mayotte",
    "Code": 175,
    "Region": "Africa",
    "SubRegion": "Sub-Saharan Africa",
    "IntermediateRegion": "Eastern Africa",
    "RegionCode": 2,
    "SubRegionCode": 202,
    "IntermediateRegionCode": 14
  },
  {
    "Name": "Mexico",
    "Name_ZH_S": "墨西哥",
    "Name_EN_S": "MEXICO",
    "Name_ZH_F": "墨西哥合众国",
    "Name_EN_F": "UnitedStates of Mexico",
    "Code": 484,
    "Region": "Americas",
    "SubRegion": "Latin America and the Caribbean",
    "IntermediateRegion": "Central America",
    "RegionCode": 19,
    "SubRegionCode": 419,
    "IntermediateRegionCode": 13
  },
  {
    "Name": "Micronesia (Federated States of)",
    "Name_ZH_S": "密克罗尼西亚联",
    "Name_EN_S": "MICRONESIAFEDERATEDSTATES of",
    "Name_ZH_F": "密克罗尼西亚联邦",
    "Name_EN_F": "FederatedStatesofMicronesis",
    "Code": 583,
    "Region": "Oceania",
    "SubRegion": "Micronesia",
    "IntermediateRegion": "",
    "RegionCode": 9,
    "SubRegionCode": 57,
    "IntermediateRegionCode": null
  },
  {
    "Name": "Moldova, Republic of",
    "Name_ZH_S": "摩尔多瓦",
    "Name_EN_S": "MOLDOVA",
    "Name_ZH_F": "摩尔多瓦共和国",
    "Name_EN_F": "Republic of Moldova",
    "Code": 498,
    "Region": "Europe",
    "SubRegion": "Eastern Europe",
    "IntermediateRegion": "",
    "RegionCode": 150,
    "SubRegionCode": 151,
    "IntermediateRegionCode": null
  },
  {
    "Name": "Monaco",
    "Name_ZH_S": "摩纳哥",
    "Name_EN_S": "MONACO",
    "Name_ZH_F": "摩纳哥公国",
    "Name_EN_F": "Principality of Monaco",
    "Code": 492,
    "Region": "Europe",
    "SubRegion": "Western Europe",
    "IntermediateRegion": "",
    "RegionCode": 150,
    "SubRegionCode": 155,
    "IntermediateRegionCode": null
  },
  {
    "Name": "Mongolia",
    "Name_ZH_S": "蒙古国",
    "Name_EN_S": "MONGOLIA",
    "Name_ZH_F": "蒙古国",
    "Name_EN_F": "Mongolia",
    "Code": 496,
    "Region": "Asia",
    "SubRegion": "Eastern Asia",
    "IntermediateRegion": "",
    "RegionCode": 142,
    "SubRegionCode": 30,
    "IntermediateRegionCode": null
  },
  {
    "Name": "Montenegro",
    "Name_ZH_S": null,
    "Name_EN_S": null,
    "Name_ZH_F": null,
    "Name_EN_F": null,
    "Code": 499,
    "Region": "Europe",
    "SubRegion": "Southern Europe",
    "IntermediateRegion": "",
    "RegionCode": 150,
    "SubRegionCode": 39,
    "IntermediateRegionCode": null
  },
  {
    "Name": "Montserrat",
    "Name_ZH_S": "蒙特塞拉特",
    "Name_EN_S": "MONTSERRAT",
    "Name_ZH_F": "蒙特塞拉特",
    "Name_EN_F": "Montserrat",
    "Code": 500,
    "Region": "Americas",
    "SubRegion": "Latin America and the Caribbean",
    "IntermediateRegion": "Caribbean",
    "RegionCode": 19,
    "SubRegionCode": 419,
    "IntermediateRegionCode": 29
  },
  {
    "Name": "Morocco",
    "Name_ZH_S": "摩洛哥",
    "Name_EN_S": "MOROCCO",
    "Name_ZH_F": "摩洛哥王国",
    "Name_EN_F": "Kingdom of Morocco",
    "Code": 504,
    "Region": "Africa",
    "SubRegion": "Northern Africa",
    "IntermediateRegion": "",
    "RegionCode": 2,
    "SubRegionCode": 15,
    "IntermediateRegionCode": null
  },
  {
    "Name": "Mozambique",
    "Name_ZH_S": "莫桑比克",
    "Name_EN_S": "MOZAMBIQUE",
    "Name_ZH_F": "莫桑比克共和国",
    "Name_EN_F": "Republic of Mozamhiaue",
    "Code": 508,
    "Region": "Africa",
    "SubRegion": "Sub-Saharan Africa",
    "IntermediateRegion": "Eastern Africa",
    "RegionCode": 2,
    "SubRegionCode": 202,
    "IntermediateRegionCode": 14
  },
  {
    "Name": "Myanmar",
    "Name_ZH_S": "缅甸",
    "Name_EN_S": "MYANMAR",
    "Name_ZH_F": "缅甸联邦",
    "Name_EN_F": "Union of Mvanmar",
    "Code": 104,
    "Region": "Asia",
    "SubRegion": "South-eastern Asia",
    "IntermediateRegion": "",
    "RegionCode": 142,
    "SubRegionCode": 35,
    "IntermediateRegionCode": null
  },
  {
    "Name": "Namibia",
    "Name_ZH_S": "纳米比亚",
    "Name_EN_S": "NAMIBIA",
    "Name_ZH_F": "纳米比亚共和国",
    "Name_EN_F": "Republic of Namibis",
    "Code": 516,
    "Region": "Africa",
    "SubRegion": "Sub-Saharan Africa",
    "IntermediateRegion": "Southern Africa",
    "RegionCode": 2,
    "SubRegionCode": 202,
    "IntermediateRegionCode": 18
  },
  {
    "Name": "Nauru",
    "Name_ZH_S": "瑙鲁",
    "Name_EN_S": "NAURLI",
    "Name_ZH_F": "瑙鲁共和国",
    "Name_EN_F": "Republic of Nauru",
    "Code": 520,
    "Region": "Oceania",
    "SubRegion": "Micronesia",
    "IntermediateRegion": "",
    "RegionCode": 9,
    "SubRegionCode": 57,
    "IntermediateRegionCode": null
  },
  {
    "Name": "Nepal",
    "Name_ZH_S": "尼泊尔",
    "Name_EN_S": "NEPAL",
    "Name_ZH_F": "尼泊尔王国",
    "Name_EN_F": "Kingdom of Nepal",
    "Code": 524,
    "Region": "Asia",
    "SubRegion": "Southern Asia",
    "IntermediateRegion": "",
    "RegionCode": 142,
    "SubRegionCode": 34,
    "IntermediateRegionCode": null
  },
  {
    "Name": "Netherlands",
    "Name_ZH_S": "荷兰",
    "Name_EN_S": "NETHERLANDS",
    "Name_ZH_F": "荷兰王国",
    "Name_EN_F": "Kingdom of theNetherlands",
    "Code": 528,
    "Region": "Europe",
    "SubRegion": "Western Europe",
    "IntermediateRegion": "",
    "RegionCode": 150,
    "SubRegionCode": 155,
    "IntermediateRegionCode": null
  },
  {
    "Name": "New Caledonia",
    "Name_ZH_S": "新喀里多尼亚",
    "Name_EN_S": "NEWCALEDONIA",
    "Name_ZH_F": "新喀里多尼亚",
    "Name_EN_F": "NewCaledonia",
    "Code": 540,
    "Region": "Oceania",
    "SubRegion": "Melanesia",
    "IntermediateRegion": "",
    "RegionCode": 9,
    "SubRegionCode": 54,
    "IntermediateRegionCode": null
  },
  {
    "Name": "New Zealand",
    "Name_ZH_S": "新西兰",
    "Name_EN_S": "NEWZEALAND",
    "Name_ZH_F": "新西兰",
    "Name_EN_F": "NewZealand",
    "Code": 554,
    "Region": "Oceania",
    "SubRegion": "Australia and New Zealand",
    "IntermediateRegion": "",
    "RegionCode": 9,
    "SubRegionCode": 53,
    "IntermediateRegionCode": null
  },
  {
    "Name": "Nicaragua",
    "Name_ZH_S": "尼加拉瓜",
    "Name_EN_S": "NICARAGUA",
    "Name_ZH_F": "尼加拉瓜共和国",
    "Name_EN_F": "Republic of Nicaragua",
    "Code": 558,
    "Region": "Americas",
    "SubRegion": "Latin America and the Caribbean",
    "IntermediateRegion": "Central America",
    "RegionCode": 19,
    "SubRegionCode": 419,
    "IntermediateRegionCode": 13
  },
  {
    "Name": "Niger",
    "Name_ZH_S": "尼日尔",
    "Name_EN_S": "NIGER",
    "Name_ZH_F": "尼日尔共和国",
    "Name_EN_F": "Republic of Niger",
    "Code": 562,
    "Region": "Africa",
    "SubRegion": "Sub-Saharan Africa",
    "IntermediateRegion": "Western Africa",
    "RegionCode": 2,
    "SubRegionCode": 202,
    "IntermediateRegionCode": 11
  },
  {
    "Name": "Nigeria",
    "Name_ZH_S": "尼日利亚",
    "Name_EN_S": "NIGERIA",
    "Name_ZH_F": "尼日利亚联邦共和国",
    "Name_EN_F": "FederalRepublic of Nigeria",
    "Code": 566,
    "Region": "Africa",
    "SubRegion": "Sub-Saharan Africa",
    "IntermediateRegion": "Western Africa",
    "RegionCode": 2,
    "SubRegionCode": 202,
    "IntermediateRegionCode": 11
  },
  {
    "Name": "Niue",
    "Name_ZH_S": "纽埃",
    "Name_EN_S": "NIUE",
    "Name_ZH_F": "纽埃",
    "Name_EN_F": "Niue",
    "Code": 570,
    "Region": "Oceania",
    "SubRegion": "Polynesia",
    "IntermediateRegion": "",
    "RegionCode": 9,
    "SubRegionCode": 61,
    "IntermediateRegionCode": null
  },
  {
    "Name": "Norfolk Island",
    "Name_ZH_S": "诺福克岛",
    "Name_EN_S": "NORFOLKISLAND",
    "Name_ZH_F": "诺福克岛",
    "Name_EN_F": "Norfolk",
    "Code": 574,
    "Region": "Oceania",
    "SubRegion": "Australia and New Zealand",
    "IntermediateRegion": "",
    "RegionCode": 9,
    "SubRegionCode": 53,
    "IntermediateRegionCode": null
  },
  {
    "Name": "North Macedonia",
    "Name_ZH_S": "前南马其顿",
    "Name_EN_S": "MACEDONIATHEFORMERYUGOSLAVREPUBLIC of",
    "Name_ZH_F": "前南斯拉夫马其顿共和国",
    "Name_EN_F": "TheFormerYugoslavRepublic of Macedonia",
    "Code": 807,
    "Region": "Europe",
    "SubRegion": "Southern Europe",
    "IntermediateRegion": "",
    "RegionCode": 150,
    "SubRegionCode": 39,
    "IntermediateRegionCode": null
  },
  {
    "Name": "Northern Mariana Islands",
    "Name_ZH_S": "北马里亚纳",
    "Name_EN_S": "NORTHERNMARIANAS",
    "Name_ZH_F": "北马里亚纳自由联邦",
    "Name_EN_F": "Commonwealth of theNorthernMarianas",
    "Code": 580,
    "Region": "Oceania",
    "SubRegion": "Micronesia",
    "IntermediateRegion": "",
    "RegionCode": 9,
    "SubRegionCode": 57,
    "IntermediateRegionCode": null
  },
  {
    "Name": "Norway",
    "Name_ZH_S": "挪威",
    "Name_EN_S": "NORWAY",
    "Name_ZH_F": "挪威王国",
    "Name_EN_F": "Kingdom of Norway",
    "Code": 578,
    "Region": "Europe",
    "SubRegion": "Northern Europe",
    "IntermediateRegion": "",
    "RegionCode": 150,
    "SubRegionCode": 154,
    "IntermediateRegionCode": null
  },
  {
    "Name": "Oman",
    "Name_ZH_S": "阿曼",
    "Name_EN_S": "OMAN",
    "Name_ZH_F": "阿曼苏丹国",
    "Name_EN_F": "Sultanate of Oman",
    "Code": 512,
    "Region": "Asia",
    "SubRegion": "Western Asia",
    "IntermediateRegion": "",
    "RegionCode": 142,
    "SubRegionCode": 145,
    "IntermediateRegionCode": null
  },
  {
    "Name": "Pakistan",
    "Name_ZH_S": "巴基斯坦",
    "Name_EN_S": "PAKISTAN",
    "Name_ZH_F": "巴基斯坦伊斯兰共和国",
    "Name_EN_F": "IslamicRepublic of Pakistan",
    "Code": 586,
    "Region": "Asia",
    "SubRegion": "Southern Asia",
    "IntermediateRegion": "",
    "RegionCode": 142,
    "SubRegionCode": 34,
    "IntermediateRegionCode": null
  },
  {
    "Name": "Palau",
    "Name_ZH_S": "帕劳",
    "Name_EN_S": "PALAU",
    "Name_ZH_F": "帕劳共和国",
    "Name_EN_F": "Republic of Palau",
    "Code": 585,
    "Region": "Oceania",
    "SubRegion": "Micronesia",
    "IntermediateRegion": "",
    "RegionCode": 9,
    "SubRegionCode": 57,
    "IntermediateRegionCode": null
  },
  {
    "Name": "Palestine, State of",
    "Name_ZH_S": null,
    "Name_EN_S": null,
    "Name_ZH_F": null,
    "Name_EN_F": null,
    "Code": 275,
    "Region": "Asia",
    "SubRegion": "Western Asia",
    "IntermediateRegion": "",
    "RegionCode": 142,
    "SubRegionCode": 145,
    "IntermediateRegionCode": null
  },
  {
    "Name": "Panama",
    "Name_ZH_S": "巴拿马",
    "Name_EN_S": "PANAMA",
    "Name_ZH_F": "国拿马共和国",
    "Name_EN_F": "Republic of Panama",
    "Code": 591,
    "Region": "Americas",
    "SubRegion": "Latin America and the Caribbean",
    "IntermediateRegion": "Central America",
    "RegionCode": 19,
    "SubRegionCode": 419,
    "IntermediateRegionCode": 13
  },
  {
    "Name": "Papua New Guinea",
    "Name_ZH_S": "巴布亚新几内亚",
    "Name_EN_S": "PAPUANEWGUINEA",
    "Name_ZH_F": "巴布亚新几内亚独立国",
    "Name_EN_F": "IndependentState of PapuaNewGuinea",
    "Code": 598,
    "Region": "Oceania",
    "SubRegion": "Melanesia",
    "IntermediateRegion": "",
    "RegionCode": 9,
    "SubRegionCode": 54,
    "IntermediateRegionCode": null
  },
  {
    "Name": "Paraguay",
    "Name_ZH_S": "巴拉圭",
    "Name_EN_S": "PARAGUAY",
    "Name_ZH_F": "巴拉圭共和国",
    "Name_EN_F": "Republic of Paraguay",
    "Code": 600,
    "Region": "Americas",
    "SubRegion": "Latin America and the Caribbean",
    "IntermediateRegion": "South America",
    "RegionCode": 19,
    "SubRegionCode": 419,
    "IntermediateRegionCode": 5
  },
  {
    "Name": "Peru",
    "Name_ZH_S": "秘鲁",
    "Name_EN_S": "PERU",
    "Name_ZH_F": "秘鲁共和国",
    "Name_EN_F": "Republic of Peru",
    "Code": 604,
    "Region": "Americas",
    "SubRegion": "Latin America and the Caribbean",
    "IntermediateRegion": "South America",
    "RegionCode": 19,
    "SubRegionCode": 419,
    "IntermediateRegionCode": 5
  },
  {
    "Name": "Philippines",
    "Name_ZH_S": "菲律宾",
    "Name_EN_S": "PHILIPPINES",
    "Name_ZH_F": "菲律宾共和国",
    "Name_EN_F": "Republic of thePhilinnines",
    "Code": 608,
    "Region": "Asia",
    "SubRegion": "South-eastern Asia",
    "IntermediateRegion": "",
    "RegionCode": 142,
    "SubRegionCode": 35,
    "IntermediateRegionCode": null
  },
  {
    "Name": "Pitcairn",
    "Name_ZH_S": "皮特凯恩群岛",
    "Name_EN_S": "PITCAIRNISLANDSGROUP",
    "Name_ZH_F": "皮竺凯恩群岛",
    "Name_EN_F": "Pitcairn",
    "Code": 612,
    "Region": "Oceania",
    "SubRegion": "Polynesia",
    "IntermediateRegion": "",
    "RegionCode": 9,
    "SubRegionCode": 61,
    "IntermediateRegionCode": null
  },
  {
    "Name": "Poland",
    "Name_ZH_S": "波兰",
    "Name_EN_S": "POLAND",
    "Name_ZH_F": "波兰共和国",
    "Name_EN_F": "Republic of Poland",
    "Code": 616,
    "Region": "Europe",
    "SubRegion": "Eastern Europe",
    "IntermediateRegion": "",
    "RegionCode": 150,
    "SubRegionCode": 151,
    "IntermediateRegionCode": null
  },
  {
    "Name": "Portugal",
    "Name_ZH_S": "葡萄牙",
    "Name_EN_S": "PORTUGAL",
    "Name_ZH_F": "葡萄牙共和国",
    "Name_EN_F": "PirtugueseRepublic",
    "Code": 620,
    "Region": "Europe",
    "SubRegion": "Southern Europe",
    "IntermediateRegion": "",
    "RegionCode": 150,
    "SubRegionCode": 39,
    "IntermediateRegionCode": null
  },
  {
    "Name": "Puerto Rico",
    "Name_ZH_S": "波多黎各",
    "Name_EN_S": "PUERTORICO",
    "Name_ZH_F": "波多黎各自由联邦",
    "Name_EN_F": "Commonwealth of Puerto",
    "Code": 630,
    "Region": "Americas",
    "SubRegion": "Latin America and the Caribbean",
    "IntermediateRegion": "Caribbean",
    "RegionCode": 19,
    "SubRegionCode": 419,
    "IntermediateRegionCode": 29
  },
  {
    "Name": "Qatar",
    "Name_ZH_S": "卡塔尔",
    "Name_EN_S": "OATAR",
    "Name_ZH_F": "卡塔尔国",
    "Name_EN_F": "State of Qatar",
    "Code": 634,
    "Region": "Asia",
    "SubRegion": "Western Asia",
    "IntermediateRegion": "",
    "RegionCode": 142,
    "SubRegionCode": 145,
    "IntermediateRegionCode": null
  },
  {
    "Name": "Réunion",
    "Name_ZH_S": "留尼汪",
    "Name_EN_S": "REUNION",
    "Name_ZH_F": "留尼汗",
    "Name_EN_F": "Reunion",
    "Code": 638,
    "Region": "Africa",
    "SubRegion": "Sub-Saharan Africa",
    "IntermediateRegion": "Eastern Africa",
    "RegionCode": 2,
    "SubRegionCode": 202,
    "IntermediateRegionCode": 14
  },
  {
    "Name": "Romania",
    "Name_ZH_S": "罗马尼亚",
    "Name_EN_S": "ROMANIA",
    "Name_ZH_F": "罗马尼亚",
    "Name_EN_F": "Romania",
    "Code": 642,
    "Region": "Europe",
    "SubRegion": "Eastern Europe",
    "IntermediateRegion": "",
    "RegionCode": 150,
    "SubRegionCode": 151,
    "IntermediateRegionCode": null
  },
  {
    "Name": "Russian Federation",
    "Name_ZH_S": "俄罗斯联邦",
    "Name_EN_S": "RUSSIANFEDERATION",
    "Name_ZH_F": "俄罗斯联邦",
    "Name_EN_F": "Russian",
    "Code": 643,
    "Region": "Europe",
    "SubRegion": "Eastern Europe",
    "IntermediateRegion": "",
    "RegionCode": 150,
    "SubRegionCode": 151,
    "IntermediateRegionCode": null
  },
  {
    "Name": "Rwanda",
    "Name_ZH_S": "卢旺达",
    "Name_EN_S": "RWANDA",
    "Name_ZH_F": "占旺达共和国",
    "Name_EN_F": "Renublic of Rwanda",
    "Code": 646,
    "Region": "Africa",
    "SubRegion": "Sub-Saharan Africa",
    "IntermediateRegion": "Eastern Africa",
    "RegionCode": 2,
    "SubRegionCode": 202,
    "IntermediateRegionCode": 14
  },
  {
    "Name": "Saint Barthélemy",
    "Name_ZH_S": null,
    "Name_EN_S": null,
    "Name_ZH_F": null,
    "Name_EN_F": null,
    "Code": 652,
    "Region": "Americas",
    "SubRegion": "Latin America and the Caribbean",
    "IntermediateRegion": "Caribbean",
    "RegionCode": 19,
    "SubRegionCode": 419,
    "IntermediateRegionCode": 29
  },
  {
    "Name": "Saint Helena, Ascension and Tristan da Cunha",
    "Name_ZH_S": "圣赫勒拿",
    "Name_EN_S": "SAINTHELENA",
    "Name_ZH_F": "对赫勒拿",
    "Name_EN_F": "SaintHelena",
    "Code": 654,
    "Region": "Africa",
    "SubRegion": "Sub-Saharan Africa",
    "IntermediateRegion": "Western Africa",
    "RegionCode": 2,
    "SubRegionCode": 202,
    "IntermediateRegionCode": 11
  },
  {
    "Name": "Saint Kitts and Nevis",
    "Name_ZH_S": "圣基茨和尼维斯",
    "Name_EN_S": "SAINTKITTSANDNEVIS",
    "Name_ZH_F": "圣革茨和尼维斯联邦",
    "Name_EN_F": "Federation of SaintKittsandnevis",
    "Code": 659,
    "Region": "Americas",
    "SubRegion": "Latin America and the Caribbean",
    "IntermediateRegion": "Caribbean",
    "RegionCode": 19,
    "SubRegionCode": 419,
    "IntermediateRegionCode": 29
  },
  {
    "Name": "Saint Lucia",
    "Name_ZH_S": "圣卢西亚",
    "Name_EN_S": "SAINTLUCIA",
    "Name_ZH_F": "圣卢西亚Saint",
    "Name_EN_F": "Lucia",
    "Code": 662,
    "Region": "Americas",
    "SubRegion": "Latin America and the Caribbean",
    "IntermediateRegion": "Caribbean",
    "RegionCode": 19,
    "SubRegionCode": 419,
    "IntermediateRegionCode": 29
  },
  {
    "Name": "Saint Martin (French part)",
    "Name_ZH_S": null,
    "Name_EN_S": null,
    "Name_ZH_F": null,
    "Name_EN_F": null,
    "Code": 663,
    "Region": "Americas",
    "SubRegion": "Latin America and the Caribbean",
    "IntermediateRegion": "Caribbean",
    "RegionCode": 19,
    "SubRegionCode": 419,
    "IntermediateRegionCode": 29
  },
  {
    "Name": "Saint Pierre and Miquelon",
    "Name_ZH_S": "圣皮埃尔和密克",
    "Name_EN_S": "SAINTPIERREANDMIQUELON",
    "Name_ZH_F": "圣皮埃尔和密克隆",
    "Name_EN_F": "SaintPierreandMiouelon",
    "Code": 666,
    "Region": "Americas",
    "SubRegion": "Northern America",
    "IntermediateRegion": "",
    "RegionCode": 19,
    "SubRegionCode": 21,
    "IntermediateRegionCode": null
  },
  {
    "Name": "Saint Vincent and the Grenadines",
    "Name_ZH_S": "圣文森特和格林纳丁斯",
    "Name_EN_S": "SAINTVINCENTANDTHEGRENADINES",
    "Name_ZH_F": "圣文森特和格林纳丁斯",
    "Name_EN_F": "SaintVincentandtheGrenadines",
    "Code": 670,
    "Region": "Americas",
    "SubRegion": "Latin America and the Caribbean",
    "IntermediateRegion": "Caribbean",
    "RegionCode": 19,
    "SubRegionCode": 419,
    "IntermediateRegionCode": 29
  },
  {
    "Name": "Samoa",
    "Name_ZH_S": "萨摩亚",
    "Name_EN_S": "SAMOA",
    "Name_ZH_F": "萨摩亚独立国",
    "Name_EN_F": "Independent",
    "Code": 882,
    "Region": "Oceania",
    "SubRegion": "Polynesia",
    "IntermediateRegion": "",
    "RegionCode": 9,
    "SubRegionCode": 61,
    "IntermediateRegionCode": null
  },
  {
    "Name": "San Marino",
    "Name_ZH_S": "圣马力诺",
    "Name_EN_S": "SANMARION",
    "Name_ZH_F": "圣马力诺共和国",
    "Name_EN_F": "Republic of SanMarino",
    "Code": 674,
    "Region": "Europe",
    "SubRegion": "Southern Europe",
    "IntermediateRegion": "",
    "RegionCode": 150,
    "SubRegionCode": 39,
    "IntermediateRegionCode": null
  },
  {
    "Name": "Sao Tome and Principe",
    "Name_ZH_S": "圣多美和普林西比",
    "Name_EN_S": "SAOTOMEANDPRINCIPE",
    "Name_ZH_F": "圣多美和普林西比民主共和国",
    "Name_EN_F": "Democratic",
    "Code": 678,
    "Region": "Africa",
    "SubRegion": "Sub-Saharan Africa",
    "IntermediateRegion": "Middle Africa",
    "RegionCode": 2,
    "SubRegionCode": 202,
    "IntermediateRegionCode": 17
  },
  {
    "Name": "Saudi Arabia",
    "Name_ZH_S": "沙特阿拉伯",
    "Name_EN_S": "SAUDIARABIA",
    "Name_ZH_F": "沙特阿拉伯王国",
    "Name_EN_F": "Kingdom of SaudiArabia",
    "Code": 682,
    "Region": "Asia",
    "SubRegion": "Western Asia",
    "IntermediateRegion": "",
    "RegionCode": 142,
    "SubRegionCode": 145,
    "IntermediateRegionCode": null
  },
  {
    "Name": "Senegal",
    "Name_ZH_S": "塞内加尔",
    "Name_EN_S": "SENEGAL",
    "Name_ZH_F": "塞内加尔共和国",
    "Name_EN_F": "Republic of Senegal",
    "Code": 686,
    "Region": "Africa",
    "SubRegion": "Sub-Saharan Africa",
    "IntermediateRegion": "Western Africa",
    "RegionCode": 2,
    "SubRegionCode": 202,
    "IntermediateRegionCode": 11
  },
  {
    "Name": "Serbia",
    "Name_ZH_S": null,
    "Name_EN_S": null,
    "Name_ZH_F": null,
    "Name_EN_F": null,
    "Code": 688,
    "Region": "Europe",
    "SubRegion": "Southern Europe",
    "IntermediateRegion": "",
    "RegionCode": 150,
    "SubRegionCode": 39,
    "IntermediateRegionCode": null
  },
  {
    "Name": "Seychelles",
    "Name_ZH_S": "塞舌尔",
    "Name_EN_S": "SEYCHELLS",
    "Name_ZH_F": "塞舌尔共和国",
    "Name_EN_F": "Republic of Sevchelles",
    "Code": 690,
    "Region": "Africa",
    "SubRegion": "Sub-Saharan Africa",
    "IntermediateRegion": "Eastern Africa",
    "RegionCode": 2,
    "SubRegionCode": 202,
    "IntermediateRegionCode": 14
  },
  {
    "Name": "Sierra Leone",
    "Name_ZH_S": "塞拉利昂",
    "Name_EN_S": "SIERRALEONE",
    "Name_ZH_F": "寒拉利昂共和国",
    "Name_EN_F": "Republic of SierraLeone",
    "Code": 694,
    "Region": "Africa",
    "SubRegion": "Sub-Saharan Africa",
    "IntermediateRegion": "Western Africa",
    "RegionCode": 2,
    "SubRegionCode": 202,
    "IntermediateRegionCode": 11
  },
  {
    "Name": "Singapore",
    "Name_ZH_S": "新加坡",
    "Name_EN_S": "SINGAPORE",
    "Name_ZH_F": "新加坡共和国",
    "Name_EN_F": "Republic of Singapore",
    "Code": 702,
    "Region": "Asia",
    "SubRegion": "South-eastern Asia",
    "IntermediateRegion": "",
    "RegionCode": 142,
    "SubRegionCode": 35,
    "IntermediateRegionCode": null
  },
  {
    "Name": "Sint Maarten (Dutch part)",
    "Name_ZH_S": null,
    "Name_EN_S": null,
    "Name_ZH_F": null,
    "Name_EN_F": null,
    "Code": 534,
    "Region": "Americas",
    "SubRegion": "Latin America and the Caribbean",
    "IntermediateRegion": "Caribbean",
    "RegionCode": 19,
    "SubRegionCode": 419,
    "IntermediateRegionCode": 29
  },
  {
    "Name": "Slovakia",
    "Name_ZH_S": "斯洛伐克",
    "Name_EN_S": "SLOVAKIA",
    "Name_ZH_F": "斯洛伐克共和国",
    "Name_EN_F": "Slovak",
    "Code": 703,
    "Region": "Europe",
    "SubRegion": "Eastern Europe",
    "IntermediateRegion": "",
    "RegionCode": 150,
    "SubRegionCode": 151,
    "IntermediateRegionCode": null
  },
  {
    "Name": "Slovenia",
    "Name_ZH_S": "斯洛文尼亚",
    "Name_EN_S": "SLOVENIA",
    "Name_ZH_F": "斯洛文尼亚共和国",
    "Name_EN_F": "Republic of Slovenia",
    "Code": 705,
    "Region": "Europe",
    "SubRegion": "Southern Europe",
    "IntermediateRegion": "",
    "RegionCode": 150,
    "SubRegionCode": 39,
    "IntermediateRegionCode": null
  },
  {
    "Name": "Solomon Islands",
    "Name_ZH_S": "所罗门群岛",
    "Name_EN_S": "SOLOMONISLANDS",
    "Name_ZH_F": "年罗门群岛",
    "Name_EN_F": "Solomon",
    "Code": 90,
    "Region": "Oceania",
    "SubRegion": "Melanesia",
    "IntermediateRegion": "",
    "RegionCode": 9,
    "SubRegionCode": 54,
    "IntermediateRegionCode": null
  },
  {
    "Name": "Somalia",
    "Name_ZH_S": "索马里",
    "Name_EN_S": "SOMALIA",
    "Name_ZH_F": "索马里共和国",
    "Name_EN_F": "Somali",
    "Code": 706,
    "Region": "Africa",
    "SubRegion": "Sub-Saharan Africa",
    "IntermediateRegion": "Eastern Africa",
    "RegionCode": 2,
    "SubRegionCode": 202,
    "IntermediateRegionCode": 14
  },
  {
    "Name": "South Africa",
    "Name_ZH_S": "南非",
    "Name_EN_S": "SOUTHAFRICA",
    "Name_ZH_F": "南非共和国",
    "Name_EN_F": "Republic of SouthAfrica",
    "Code": 710,
    "Region": "Africa",
    "SubRegion": "Sub-Saharan Africa",
    "IntermediateRegion": "Southern Africa",
    "RegionCode": 2,
    "SubRegionCode": 202,
    "IntermediateRegionCode": 18
  },
  {
    "Name": "South Georgia and the South Sandwich Islands",
    "Name_ZH_S": "南乔治亚岛和南桑德韦奇岛",
    "Name_EN_S": "SOUTHGEORGIAANDSOUTHSANDWICHISLANDS",
    "Name_ZH_F": "南乔治亚岛和南桑德韦奇岛",
    "Name_EN_F": "SouthGeorgiaandSouthSandwichIslands",
    "Code": 239,
    "Region": "Americas",
    "SubRegion": "Latin America and the Caribbean",
    "IntermediateRegion": "South America",
    "RegionCode": 19,
    "SubRegionCode": 419,
    "IntermediateRegionCode": 5
  },
  {
    "Name": "South Sudan",
    "Name_ZH_S": null,
    "Name_EN_S": null,
    "Name_ZH_F": null,
    "Name_EN_F": null,
    "Code": 728,
    "Region": "Africa",
    "SubRegion": "Sub-Saharan Africa",
    "IntermediateRegion": "Eastern Africa",
    "RegionCode": 2,
    "SubRegionCode": 202,
    "IntermediateRegionCode": 14
  },
  {
    "Name": "Spain",
    "Name_ZH_S": "西班牙",
    "Name_EN_S": "SPAIN",
    "Name_ZH_F": "西班牙",
    "Name_EN_F": "Spain",
    "Code": 724,
    "Region": "Europe",
    "SubRegion": "Southern Europe",
    "IntermediateRegion": "",
    "RegionCode": 150,
    "SubRegionCode": 39,
    "IntermediateRegionCode": null
  },
  {
    "Name": "Sri Lanka",
    "Name_ZH_S": "斯里兰卡",
    "Name_EN_S": "SRILANKA",
    "Name_ZH_F": "斯里兰卡民主社会主义共和国",
    "Name_EN_F": "DemocraticSocialistRepublic of Srilanka",
    "Code": 144,
    "Region": "Asia",
    "SubRegion": "Southern Asia",
    "IntermediateRegion": "",
    "RegionCode": 142,
    "SubRegionCode": 34,
    "IntermediateRegionCode": null
  },
  {
    "Name": "Sudan",
    "Name_ZH_S": null,
    "Name_EN_S": null,
    "Name_ZH_F": null,
    "Name_EN_F": null,
    "Code": 729,
    "Region": "Africa",
    "SubRegion": "Northern Africa",
    "IntermediateRegion": "",
    "RegionCode": 2,
    "SubRegionCode": 15,
    "IntermediateRegionCode": null
  },
  {
    "Name": "Suriname",
    "Name_ZH_S": "苏里南",
    "Name_EN_S": "SURINAME",
    "Name_ZH_F": "苏里南共和国",
    "Name_EN_F": "Republic of Suriname",
    "Code": 740,
    "Region": "Americas",
    "SubRegion": "Latin America and the Caribbean",
    "IntermediateRegion": "South America",
    "RegionCode": 19,
    "SubRegionCode": 419,
    "IntermediateRegionCode": 5
  },
  {
    "Name": "Svalbard and Jan Mayen",
    "Name_ZH_S": "斯瓦尔巴群岛",
    "Name_EN_S": "SVALBARDANDJANMAYENISLANDS",
    "Name_ZH_F": "斯瓦尔巴群岛",
    "Name_EN_F": "SvalbardandJanmavenislands",
    "Code": 744,
    "Region": "Europe",
    "SubRegion": "Northern Europe",
    "IntermediateRegion": "",
    "RegionCode": 150,
    "SubRegionCode": 154,
    "IntermediateRegionCode": null
  },
  {
    "Name": "Sweden",
    "Name_ZH_S": "瑞典",
    "Name_EN_S": "SWEDEN",
    "Name_ZH_F": "瑞典王国",
    "Name_EN_F": "Kingdom of Sweden",
    "Code": 752,
    "Region": "Europe",
    "SubRegion": "Northern Europe",
    "IntermediateRegion": "",
    "RegionCode": 150,
    "SubRegionCode": 154,
    "IntermediateRegionCode": null
  },
  {
    "Name": "Switzerland",
    "Name_ZH_S": "瑞士",
    "Name_EN_S": "SWITZERLAND",
    "Name_ZH_F": "瑞士联邦",
    "Name_EN_F": "SwissConfederation",
    "Code": 756,
    "Region": "Europe",
    "SubRegion": "Western Europe",
    "IntermediateRegion": "",
    "RegionCode": 150,
    "SubRegionCode": 155,
    "IntermediateRegionCode": null
  },
  {
    "Name": "Syrian Arab Republic",
    "Name_ZH_S": "叙利亚",
    "Name_EN_S": "SYRIA",
    "Name_ZH_F": "阿拉伯叙利亚共和国",
    "Name_EN_F": "SyrianArabRepublic",
    "Code": 760,
    "Region": "Asia",
    "SubRegion": "Western Asia",
    "IntermediateRegion": "",
    "RegionCode": 142,
    "SubRegionCode": 145,
    "IntermediateRegionCode": null
  },
  {
    "Name": "Taiwan, Province of China",
    "Name_ZH_S": "台湾",
    "Name_EN_S": "TAIWANPROVINCE of CHINA",
    "Name_ZH_F": "中国台湾",
    "Name_EN_F": "TaiwanProvince of China",
    "Code": 158,
    "Region": "Asia",
    "SubRegion": "Eastern Asia",
    "IntermediateRegion": "",
    "RegionCode": 142,
    "SubRegionCode": 30,
    "IntermediateRegionCode": null
  },
  {
    "Name": "Tajikistan",
    "Name_ZH_S": "塔吉克斯坦",
    "Name_EN_S": "TAJIKISTAN",
    "Name_ZH_F": "塔吉克斯坦共和国",
    "Name_EN_F": "Republic of Taiikistan",
    "Code": 762,
    "Region": "Asia",
    "SubRegion": "Central Asia",
    "IntermediateRegion": "",
    "RegionCode": 142,
    "SubRegionCode": 143,
    "IntermediateRegionCode": null
  },
  {
    "Name": "Tanzania, United Republic of",
    "Name_ZH_S": "坦桑尼亚",
    "Name_EN_S": "TANZANIA",
    "Name_ZH_F": "坦桑尼亚联合共和国",
    "Name_EN_F": "United",
    "Code": 834,
    "Region": "Africa",
    "SubRegion": "Sub-Saharan Africa",
    "IntermediateRegion": "Eastern Africa",
    "RegionCode": 2,
    "SubRegionCode": 202,
    "IntermediateRegionCode": 14
  },
  {
    "Name": "Thailand",
    "Name_ZH_S": "泰国",
    "Name_EN_S": "THAILAND",
    "Name_ZH_F": "泰王国",
    "Name_EN_F": "Kingdom of Thailand",
    "Code": 764,
    "Region": "Asia",
    "SubRegion": "South-eastern Asia",
    "IntermediateRegion": "",
    "RegionCode": 142,
    "SubRegionCode": 35,
    "IntermediateRegionCode": null
  },
  {
    "Name": "Timor-Leste",
    "Name_ZH_S": "东帝汶",
    "Name_EN_S": "EASTTIMOR",
    "Name_ZH_F": "东帝汶",
    "Name_EN_F": "East",
    "Code": 626,
    "Region": "Asia",
    "SubRegion": "South-eastern Asia",
    "IntermediateRegion": "",
    "RegionCode": 142,
    "SubRegionCode": 35,
    "IntermediateRegionCode": null
  },
  {
    "Name": "Togo",
    "Name_ZH_S": "多哥",
    "Name_EN_S": "TOGO",
    "Name_ZH_F": "多哥共和国",
    "Name_EN_F": "Republic of Tago",
    "Code": 768,
    "Region": "Africa",
    "SubRegion": "Sub-Saharan Africa",
    "IntermediateRegion": "Western Africa",
    "RegionCode": 2,
    "SubRegionCode": 202,
    "IntermediateRegionCode": 11
  },
  {
    "Name": "Tokelau",
    "Name_ZH_S": "托克劳",
    "Name_EN_S": "TOKELAU",
    "Name_ZH_F": "托克劳",
    "Name_EN_F": "Tokelau",
    "Code": 772,
    "Region": "Oceania",
    "SubRegion": "Polynesia",
    "IntermediateRegion": "",
    "RegionCode": 9,
    "SubRegionCode": 61,
    "IntermediateRegionCode": null
  },
  {
    "Name": "Tonga",
    "Name_ZH_S": "汤加",
    "Name_EN_S": "TONGA",
    "Name_ZH_F": "汤加王国",
    "Name_EN_F": "Kingdom of Tonga",
    "Code": 776,
    "Region": "Oceania",
    "SubRegion": "Polynesia",
    "IntermediateRegion": "",
    "RegionCode": 9,
    "SubRegionCode": 61,
    "IntermediateRegionCode": null
  },
  {
    "Name": "Trinidad and Tobago",
    "Name_ZH_S": "特立尼达和多巴哥",
    "Name_EN_S": "TRINIDADANDTOBAGO",
    "Name_ZH_F": "特立尼达和多巴哥共和国",
    "Name_EN_F": "RepublicofTrinidadandTobago",
    "Code": 780,
    "Region": "Americas",
    "SubRegion": "Latin America and the Caribbean",
    "IntermediateRegion": "Caribbean",
    "RegionCode": 19,
    "SubRegionCode": 419,
    "IntermediateRegionCode": 29
  },
  {
    "Name": "Tunisia",
    "Name_ZH_S": "突尼斯",
    "Name_EN_S": "TUNISIA",
    "Name_ZH_F": "突尼斯共和国",
    "Name_EN_F": "Republic of Tunisia",
    "Code": 788,
    "Region": "Africa",
    "SubRegion": "Northern Africa",
    "IntermediateRegion": "",
    "RegionCode": 2,
    "SubRegionCode": 15,
    "IntermediateRegionCode": null
  },
  {
    "Name": "Turkey",
    "Name_ZH_S": "十耳其",
    "Name_EN_S": "TURKEY",
    "Name_ZH_F": "土耳其共和国",
    "Name_EN_F": "Republic of Turkey",
    "Code": 792,
    "Region": "Asia",
    "SubRegion": "Western Asia",
    "IntermediateRegion": "",
    "RegionCode": 142,
    "SubRegionCode": 145,
    "IntermediateRegionCode": null
  },
  {
    "Name": "Turkmenistan",
    "Name_ZH_S": "土库曼斯坦",
    "Name_EN_S": "TURKMENISTAN",
    "Name_ZH_F": "土库曼斯坦",
    "Name_EN_F": "Turkmenistan",
    "Code": 795,
    "Region": "Asia",
    "SubRegion": "Central Asia",
    "IntermediateRegion": "",
    "RegionCode": 142,
    "SubRegionCode": 143,
    "IntermediateRegionCode": null
  },
  {
    "Name": "Turks and Caicos Islands",
    "Name_ZH_S": "特克斯科斯群岛",
    "Name_EN_S": "TURKSANDCAICOSTSLANDS",
    "Name_ZH_F": "特克斯和凯科斯群岛",
    "Name_EN_F": "TurksandCaicosTslands",
    "Code": 796,
    "Region": "Americas",
    "SubRegion": "Latin America and the Caribbean",
    "IntermediateRegion": "Caribbean",
    "RegionCode": 19,
    "SubRegionCode": 419,
    "IntermediateRegionCode": 29
  },
  {
    "Name": "Tuvalu",
    "Name_ZH_S": "图瓦卢",
    "Name_EN_S": "TUVALI",
    "Name_ZH_F": "图瓦卢",
    "Name_EN_F": "Tuvalu",
    "Code": 798,
    "Region": "Oceania",
    "SubRegion": "Polynesia",
    "IntermediateRegion": "",
    "RegionCode": 9,
    "SubRegionCode": 61,
    "IntermediateRegionCode": null
  },
  {
    "Name": "Uganda",
    "Name_ZH_S": "乌干达",
    "Name_EN_S": "UGANDA",
    "Name_ZH_F": "乌于达共和国",
    "Name_EN_F": "Republic of Uganda",
    "Code": 800,
    "Region": "Africa",
    "SubRegion": "Sub-Saharan Africa",
    "IntermediateRegion": "Eastern Africa",
    "RegionCode": 2,
    "SubRegionCode": 202,
    "IntermediateRegionCode": 14
  },
  {
    "Name": "Ukraine",
    "Name_ZH_S": "乌克兰",
    "Name_EN_S": "UKRAINE",
    "Name_ZH_F": "乌克兰",
    "Name_EN_F": "Ukraine",
    "Code": 804,
    "Region": "Europe",
    "SubRegion": "Eastern Europe",
    "IntermediateRegion": "",
    "RegionCode": 150,
    "SubRegionCode": 151,
    "IntermediateRegionCode": null
  },
  {
    "Name": "United Arab Emirates",
    "Name_ZH_S": "阿联酋",
    "Name_EN_S": "UNITEDARABEMIRATES",
    "Name_ZH_F": "拉伯联合酋长国",
    "Name_EN_F": "UnitedArabEmirates",
    "Code": 784,
    "Region": "Asia",
    "SubRegion": "Western Asia",
    "IntermediateRegion": "",
    "RegionCode": 142,
    "SubRegionCode": 145,
    "IntermediateRegionCode": null
  },
  {
    "Name": "United Kingdom of Great Britain and Northern Ireland",
    "Name_ZH_S": "英国",
    "Name_EN_S": "UNITEDKINGDOM",
    "Name_ZH_F": "大不列颠及北爱尔兰联合王国",
    "Name_EN_F": "UnitedKingdom of GreatBritainandNorthernireland",
    "Code": 826,
    "Region": "Europe",
    "SubRegion": "Northern Europe",
    "IntermediateRegion": "",
    "RegionCode": 150,
    "SubRegionCode": 154,
    "IntermediateRegionCode": null
  },
  {
    "Name": "United States of America",
    "Name_ZH_S": "美国",
    "Name_EN_S": "UNITEDSTATES",
    "Name_ZH_F": "美利坚合众国",
    "Name_EN_F": "United",
    "Code": 840,
    "Region": "Americas",
    "SubRegion": "Northern America",
    "IntermediateRegion": "",
    "RegionCode": 19,
    "SubRegionCode": 21,
    "IntermediateRegionCode": null
  },
  {
    "Name": "United States Minor Outlying Islands",
    "Name_ZH_S": "美国本土外小岛屿",
    "Name_EN_S": "UNITEDSTATESMINOROUTLYINGTSLANDS",
    "Name_ZH_F": "美国本土外小岛屿",
    "Name_EN_F": "UnitedStatesMinorOutlvingIslands",
    "Code": 581,
    "Region": "Oceania",
    "SubRegion": "Micronesia",
    "IntermediateRegion": "",
    "RegionCode": 9,
    "SubRegionCode": 57,
    "IntermediateRegionCode": null
  },
  {
    "Name": "Uruguay",
    "Name_ZH_S": "乌拉圭",
    "Name_EN_S": "URUGUAY",
    "Name_ZH_F": "乌拉圭东岸共和国",
    "Name_EN_F": "OrientalRepublicofUruguay",
    "Code": 858,
    "Region": "Americas",
    "SubRegion": "Latin America and the Caribbean",
    "IntermediateRegion": "South America",
    "RegionCode": 19,
    "SubRegionCode": 419,
    "IntermediateRegionCode": 5
  },
  {
    "Name": "Uzbekistan",
    "Name_ZH_S": "乌兹别克斯坦",
    "Name_EN_S": "UZBEKISTAN",
    "Name_ZH_F": "乌兹别克斯坦共和国",
    "Name_EN_F": "Republic of Uzbekistan",
    "Code": 860,
    "Region": "Asia",
    "SubRegion": "Central Asia",
    "IntermediateRegion": "",
    "RegionCode": 142,
    "SubRegionCode": 143,
    "IntermediateRegionCode": null
  },
  {
    "Name": "Vanuatu",
    "Name_ZH_S": "瓦努阿图",
    "Name_EN_S": "VANUATU",
    "Name_ZH_F": "瓦努阿图共和国",
    "Name_EN_F": "Republic of Vanuatu",
    "Code": 548,
    "Region": "Oceania",
    "SubRegion": "Melanesia",
    "IntermediateRegion": "",
    "RegionCode": 9,
    "SubRegionCode": 54,
    "IntermediateRegionCode": null
  },
  {
    "Name": "Venezuela (Bolivarian Republic of)",
    "Name_ZH_S": "委内瑞拉",
    "Name_EN_S": "VENEZUELA",
    "Name_ZH_F": "委内瑞拉共和国",
    "Name_EN_F": "RepublicofVenezue1a",
    "Code": 862,
    "Region": "Americas",
    "SubRegion": "Latin America and the Caribbean",
    "IntermediateRegion": "South America",
    "RegionCode": 19,
    "SubRegionCode": 419,
    "IntermediateRegionCode": 5
  },
  {
    "Name": "Viet Nam",
    "Name_ZH_S": "越南",
    "Name_EN_S": "VIETNAM",
    "Name_ZH_F": "越南社会主席共和国",
    "Name_EN_F": "SocialistRepublic of VietNam",
    "Code": 704,
    "Region": "Asia",
    "SubRegion": "South-eastern Asia",
    "IntermediateRegion": "",
    "RegionCode": 142,
    "SubRegionCode": 35,
    "IntermediateRegionCode": null
  },
  {
    "Name": "Virgin Islands (British)",
    "Name_ZH_S": "英属维尔京群岛",
    "Name_EN_S": "VIRGINISLANDSBRITTSH",
    "Name_ZH_F": "英属维尔京群岛",
    "Name_EN_F": "BritishVirginTslands",
    "Code": 92,
    "Region": "Americas",
    "SubRegion": "Latin America and the Caribbean",
    "IntermediateRegion": "Caribbean",
    "RegionCode": 19,
    "SubRegionCode": 419,
    "IntermediateRegionCode": 29
  },
  {
    "Name": "Virgin Islands (U.S.)",
    "Name_ZH_S": "美属维尔京群岛",
    "Name_EN_S": "VIRGINISLANDSUS",
    "Name_ZH_F": "美属维尔京群岛",
    "Name_EN_F": "VirginIslands of theUnitedStates",
    "Code": 850,
    "Region": "Americas",
    "SubRegion": "Latin America and the Caribbean",
    "IntermediateRegion": "Caribbean",
    "RegionCode": 19,
    "SubRegionCode": 419,
    "IntermediateRegionCode": 29
  },
  {
    "Name": "Wallis and Futuna",
    "Name_ZH_S": "瓦利斯和富图纳",
    "Name_EN_S": "WALLISANDFUTUNA",
    "Name_ZH_F": "瓦利斯和富冬纳群岛",
    "Name_EN_F": "WallisandFutuna",
    "Code": 876,
    "Region": "Oceania",
    "SubRegion": "Polynesia",
    "IntermediateRegion": "",
    "RegionCode": 9,
    "SubRegionCode": 61,
    "IntermediateRegionCode": null
  },
  {
    "Name": "Western Sahara",
    "Name_ZH_S": "西撒哈拉",
    "Name_EN_S": "WESTERNSAHARA",
    "Name_ZH_F": "西撒哈拉",
    "Name_EN_F": "WesternSahara",
    "Code": 732,
    "Region": "Africa",
    "SubRegion": "Northern Africa",
    "IntermediateRegion": "",
    "RegionCode": 2,
    "SubRegionCode": 15,
    "IntermediateRegionCode": null
  },
  {
    "Name": "Yemen",
    "Name_ZH_S": "也门",
    "Name_EN_S": "YEMEN",
    "Name_ZH_F": "也门共和国",
    "Name_EN_F": "Republic of Yemen",
    "Code": 887,
    "Region": "Asia",
    "SubRegion": "Western Asia",
    "IntermediateRegion": "",
    "RegionCode": 142,
    "SubRegionCode": 145,
    "IntermediateRegionCode": null
  },
  {
    "Name": "Zambia",
    "Name_ZH_S": "赞比亚",
    "Name_EN_S": "ZAMBIA",
    "Name_ZH_F": "赞比亚共和国",
    "Name_EN_F": "Republic of Zambia",
    "Code": 894,
    "Region": "Africa",
    "SubRegion": "Sub-Saharan Africa",
    "IntermediateRegion": "Eastern Africa",
    "RegionCode": 2,
    "SubRegionCode": 202,
    "IntermediateRegionCode": 14
  },
  {
    "Name": "Zimbabwe",
    "Name_ZH_S": "津巴布韦",
    "Name_EN_S": "ZIMBABWE",
    "Name_ZH_F": "津巴布韦共和国",
    "Name_EN_F": "Republic of Zimbabwe",
    "Code": 716,
    "Region": "Africa",
    "SubRegion": "Sub-Saharan Africa",
    "IntermediateRegion": "Eastern Africa",
    "RegionCode": 2,
    "SubRegionCode": 202,
    "IntermediateRegionCode": 14
  }
]